/*
 Navicat Premium Data Transfer

 Source Server         : localhost_3306
 Source Server Type    : MySQL
 Source Server Version : 80013
 Source Host           : localhost:3306
 Source Schema         : xm_study_manager

 Target Server Type    : MySQL
 Target Server Version : 80013
 File Encoding         : 65001

 Date: 01/04/2024 00:28:17
*/

SET NAMES utf8mb4;
SET FOREIGN_KEY_CHECKS = 0;

-- ----------------------------
-- Table structure for admin
-- ----------------------------
DROP TABLE IF EXISTS `admin`;
CREATE TABLE `admin`  (
  `id` int(10) NOT NULL AUTO_INCREMENT COMMENT 'ID',
  `username` varchar(255) CHARACTER SET utf8mb4 COLLATE utf8mb4_unicode_ci NULL DEFAULT NULL COMMENT '用户名',
  `password` varchar(255) CHARACTER SET utf8mb4 COLLATE utf8mb4_unicode_ci NULL DEFAULT NULL COMMENT '密码',
  `name` varchar(255) CHARACTER SET utf8mb4 COLLATE utf8mb4_unicode_ci NULL DEFAULT NULL COMMENT '姓名',
  `avatar` varchar(255) CHARACTER SET utf8mb4 COLLATE utf8mb4_unicode_ci NULL DEFAULT NULL COMMENT '头像',
  `role` varchar(255) CHARACTER SET utf8mb4 COLLATE utf8mb4_unicode_ci NULL DEFAULT NULL COMMENT '角色标识',
  `phone` varchar(255) CHARACTER SET utf8mb4 COLLATE utf8mb4_unicode_ci NULL DEFAULT NULL COMMENT '电话',
  `email` varchar(255) CHARACTER SET utf8mb4 COLLATE utf8mb4_unicode_ci NULL DEFAULT NULL COMMENT '邮箱',
  PRIMARY KEY (`id`) USING BTREE
) ENGINE = InnoDB AUTO_INCREMENT = 1 CHARACTER SET = utf8mb4 COLLATE = utf8mb4_unicode_ci COMMENT = '管理员' ROW_FORMAT = DYNAMIC;

-- ----------------------------
-- Records of admin
-- ----------------------------
INSERT INTO `admin` VALUES (1, 'admin', '123456', '管理员', 'http://localhost:9090/files/1697438073596-avatar.png', 'ADMIN', '13677889922', 'admin@xm.com');

-- ----------------------------
-- Table structure for comment
-- ----------------------------
DROP TABLE IF EXISTS `comment`;
CREATE TABLE `comment`  (
  `id` int(10) NOT NULL AUTO_INCREMENT COMMENT '主键ID',
  `user_id` int(10) NULL DEFAULT NULL COMMENT '学生ID',
  `course_id` int(10) NULL DEFAULT NULL COMMENT '课程ID',
  `time` varchar(255) CHARACTER SET utf8mb4 COLLATE utf8mb4_unicode_ci NULL DEFAULT NULL COMMENT '评论时间',
  `content` varchar(255) CHARACTER SET utf8mb4 COLLATE utf8mb4_unicode_ci NULL DEFAULT NULL COMMENT '评论内容',
  `parent_id` int(10) NULL DEFAULT NULL COMMENT '父ID',
  PRIMARY KEY (`id`) USING BTREE
) ENGINE = InnoDB CHARACTER SET = utf8mb4 COLLATE = utf8mb4_unicode_ci COMMENT = '评论信息表' ROW_FORMAT = Dynamic;

-- ----------------------------
-- Records of comment
-- ----------------------------
INSERT INTO `comment` VALUES (1, 1, 5, '2024-04-01 00:18:48', '666', 0);
INSERT INTO `comment` VALUES (2, 1, 5, '2024-04-01 00:18:52', '8888', 1);
INSERT INTO `comment` VALUES (3, 1, 5, '2024-04-01 00:18:55', '9999', 0);
INSERT INTO `comment` VALUES (4, 1, 5, '2024-04-01 00:19:02', '牛逼牛逼', 3);
INSERT INTO `comment` VALUES (5, 1, 5, '2024-04-01 00:19:40', '7777', 0);

-- ----------------------------
-- Table structure for course
-- ----------------------------
DROP TABLE IF EXISTS `course`;
CREATE TABLE `course`  (
  `id` int(10) NOT NULL AUTO_INCREMENT COMMENT '主键ID',
  `img` varchar(255) CHARACTER SET utf8mb4 COLLATE utf8mb4_unicode_ci NULL DEFAULT NULL COMMENT '课程封面',
  `name` varchar(255) CHARACTER SET utf8mb4 COLLATE utf8mb4_unicode_ci NULL DEFAULT NULL COMMENT '课程名称',
  `content` longtext CHARACTER SET utf8mb4 COLLATE utf8mb4_unicode_ci NULL COMMENT '课程介绍',
  `type` varchar(255) CHARACTER SET utf8mb4 COLLATE utf8mb4_unicode_ci NULL DEFAULT NULL COMMENT '课程类型',
  `price` double(10, 2) NULL DEFAULT NULL COMMENT '课程价格',
  `video` varchar(255) CHARACTER SET utf8mb4 COLLATE utf8mb4_unicode_ci NULL DEFAULT NULL COMMENT '课程视频',
  `file` varchar(255) CHARACTER SET utf8mb4 COLLATE utf8mb4_unicode_ci NULL DEFAULT NULL COMMENT '资料链接',
  `discount` double(10, 2) NULL DEFAULT 1.00 COMMENT '课程折扣',
  `recommend` varchar(255) CHARACTER SET utf8mb4 COLLATE utf8mb4_unicode_ci NULL DEFAULT '否' COMMENT '是否推荐',
  `time` varchar(255) CHARACTER SET utf8mb4 COLLATE utf8mb4_unicode_ci NULL DEFAULT NULL COMMENT '发布时间',
  PRIMARY KEY (`id`) USING BTREE
) ENGINE = InnoDB AUTO_INCREMENT = 12 CHARACTER SET = utf8mb4 COLLATE = utf8mb4_unicode_ci COMMENT = '课程信息表' ROW_FORMAT = Dynamic;

-- ----------------------------
-- Records of course
-- ----------------------------
INSERT INTO `course` VALUES (1, 'http://localhost:9090/files/1703835490804-博客论坛系统.jpg', '博客论坛系统，基于SpringBoot+Vue的博客论坛系统', '<p>武哥真的骚气！</p><p>如果满分100分的话，我只能给你82分，因为剩下的18分，我必须要以666的形式给你！</p><p>你他娘的是真的骚……</p>', 'TEXT', 0.00, 'http://localhost:9090/files/1703835588577-人间失格.mp4', 'https://www.yuque.com/xiaqing-en2ii/skflxg/hof6acc6g5il7mvm', 1.00, '是', '2024-01-02');
INSERT INTO `course` VALUES (3, 'http://localhost:9090/files/1703835884819-中国助农扶贫网.jpg', '助农扶贫系统，基于Springboot+Vue的助农扶贫网', '<p>武哥你他娘的是真的骚！！</p><p>那是的真的骚！</p>', 'TEXT', 50.00, NULL, 'https://www.yuque.com/xiaqing-en2ii/skflxg/deom35lopza1h41m', 0.80, '否', '2024-01-02');
INSERT INTO `course` VALUES (4, 'http://localhost:9090/files/1703839366950-宠物之家系统.jpg', '宠物之家管理系统，基于Springboot+Vue的宠物管理系统', '<p>基于Springboot+Vue的宠物管理系统项目介绍<br/><br/><b><font color=\"#c24f4a\">项目获取方式：加入知识星球【项目训练营】即可获取</font></b><br/><br/>1. 项目在线体验地址<br/>体验地址（请电脑端浏览器访问）：<a href=\"http://111.229.67.228:82/\" target=\"_blank\">http://111.229.67.228:82/</a><br/>管理员账号：admin 123456<br/>用户账号： zhangsan 123456<br/>线上环境，部分基础数据不允许修改（例如宠物信息、账号信息、宠物房间等等），宠物之家核心业务功能全部开放体验，例如：领养、寄养、购买宠物用品、充值、流浪宠物上报等等。<br/><br/>2. 项目技术栈<br/>前后端分离<br/>后端：Springboot + Mybatis<br/>前端：Vue + ElementUI<br/>数据库： MySQL<br/><br/>3.项目功能描述<br/>3.1. 管理员<br/>登录、个人信息、修改密码、管理后台管理系统所有数据<br/>宠物信息管理：管理平台所有的宠物信息（包括上报那边处理后的宠物可以添加到平台）<br/>宠物房间管理：管理员平台所有的宠物房间（用于用户寄养宠物的时候分配使用）<br/>宠物领养管理：管理用户在平台领养的宠物<br/>宠物寄养管理：管理用户在平台寄养的所有宠物，支持给宠物分配房间，寄养结束自动释放房间<br/>宠物用品管理：管理平台上所有的宠物用品信息，给用户提供购买入口<br/>订单信息管理：管理平台上用户购买宠物用品所有的订单，可以对订单进行发货处理<br/>流浪宠物上报管理：管理用户向平台上报的所有流浪宠物信息，可以线下安排人去处理，处理好之后可以把上报信息状态更新为已处理，然后将救助回来的宠物信息上传到平台，供用户去领养<br/>系统公告管理：管理平台系统公告<br/>管理员信息管理：管理管理员的信息<br/>用户信息管理：管理平台用户信息<br/><br/>3.2. 用户<br/>注册、登录、个人信息、修改密码、查看系统公告<br/>宠物信息查看：可以查看平台所有待领养的宠物信息<br/>宠物领养：对自己喜欢的宠物可以进行领养，在领养中的宠物可以放弃领养（归还平台）<br/>宠物寄养：如果有自己的宠物需要寄养，可以向平台发布寄养，管理员会给宠物分配房间，寄养结束房间释放<br/>宠物用品查看：查看平台所有的宠物用品（包括狗粮猫粮，除虱用品等等）<br/>购买宠物用品：对需要的宠物用品，可以进行购买，填写自己收货信息，等待管理员发货，收到货可以确认收货<br/>流浪宠物上报：用户看到流浪宠物可以拍照，在平台上传上报流浪宠物信息，管理员看到会做处理，处理后的宠物，可以在平台添加信息，等待用户来领养<br/>个人中心余额充值：在购买宠物用品的时候，如果余额不足，需要在个人中心进行充值<br/><br/>4. 创新点<br/>真实模拟宠物相关的所有功能操作，非简单的增删改查，包括领养、寄养、流浪宠物上报、宠物用品购买<br/>整个过程实现一个完整的闭环，对流浪宠物进行救助，之后再领养，包括宠物用品的购买发货和收货<br/>宠物领养页面和宠物用品购买页面进行卡片式设计，改变普通管理系统的死板<br/>巧妙的数据关联设计（宠物寄养、领养、订单等操作涉及到两个角色之间的交互）<br/>线上环境，部分基础数据不允许修改（例如宠物信息、账号信息、宠物房间等等），宠物之家核心业务功能全部开放体验，例如：领养、寄养、购买宠物用品、充值、流浪宠物上报等等。</p>', 'VIDEO', 20.00, 'http://localhost:9090/files/1703835588577-人间失格.mp4', 'https://www.yuque.com/xiaqing-en2ii/skflxg/unzqgsydzo2gkd7x', 0.90, '否', '2024-01-02');
INSERT INTO `course` VALUES (5, 'http://localhost:9090/files/1703840572693-天猫商城+推荐算法.jpg', '电商+推荐算法，基于Springboot+Vue+协同过滤推荐算法的网上购物商城系统', '<p>基于Springboot+Vue+协同过滤推荐算法的网上购物商城系统项目介绍</p><p><b><font color=\"#c24f4a\">项目获取方式：加入知识星球【项目训练营】即可获取</font></b><br/><br/>体验地址（请电脑端浏览器访问）：<a href=\"http://106.54.221.16:85/\" target=\"_blank\">http://106.54.221.16:85/</a><br/><br/>管理员账号：admin 123456<br/>用户账号： zhangsan 123456<br/>可自行注册用户账号体验<br/><br/>项目技术栈<br/>前后端分离 <br/><br/>后端：Springboot + Mybatis<br/>前端：Vue + ElementUI<br/>数据库： MySQL</p><p><br/></p><p><img src=\"http://localhost:9090/files/1703840682594-天猫商城+推荐算法.jpg\" style=\"max-width:100%;\" contenteditable=\"false\" width=\"50%\"/></p><p><br/>功能模块如下： <br/><br/>管理员：登录、个人信息、修改密码、管理后台管理系统所有数据<br/>商品分类管理：管理系统的商品分类信息<br/>商品信息管理：管理所有店铺的商品信息、商品详情<br/>评论管理：管理所有店铺商品的评论信息<br/>订单管理：管理所有店铺的订单信息<br/>公告管理：管理系统公告信息<br/>管理员信息：管理系统管理员的相关信息<br/>商家信息：管理系统商家的信息，审核商家<br/>用户信息：管理系统用户的信息<br/><br/>商家：登录、注册、个人信息、修改密码<br/>商品信息管理：管理自己店铺的商品信息、商品详情<br/>评论管理：管理自己店铺商品的评论信息<br/>订单管理：管理自己店铺的订单信息，包括发货<br/><br/>用户：注册、登录、个人信息、修改密码<br/>系统前台首页浏览商品分类、商品信息、系统推荐商品（协同过滤推荐算法）、个人信息入口<br/>收藏的宝贝：浏览自己收藏的商品信息<br/>我的地址：管理自己的收货地址<br/>我的购物车：浏览自己购物车里的商品，支持多选，支持下单<br/>我的订单：查看自己的订单信息，包括确认收货、评价<br/><br/>创新点<br/>基于多商户，不同的商户管理自己的数据<br/>仿TM商城，基本上与其一模一样，亮点十足，不担心重复<br/>加入协同过滤推荐算法，个性化推荐<br/>推荐算法内部，多线程异步处理不同用户的数据<br/></p>', 'VIDEO', 110.00, 'http://localhost:9090/files/1703835588577-人间失格.mp4', 'https://www.yuque.com/xiaqing-en2ii/skflxg/hmdy8et6gomsftww', 0.90, '是', '2024-01-02');
INSERT INTO `course` VALUES (6, 'http://localhost:9090/files/1704186962103-飞鱼酒店预订网.jpg', '飞鱼酒店预订网，基于Springboot+Vue的酒店预订系统', '<p>基于Springboot+Vue的酒店预订管理系功介绍<br/><br/>项目获取方式：加入知识星球【项目训练营】可获取<br/><br/>能模块如下： 登录注册、管理员管理、酒店账号管理、用户账号管理、房间分类、房间管理、收藏模块、订单管理、评价管理、用户入住、用户退房、系统公告、个人中心、修改密码。 <br/><br/>角色：管理员、酒店用户、普通用户。<br/><br/>项目在线体验地址（用浏览器打开）：<a href=\"http://106.54.221.16:81/\" target=\"_blank\">http://106.54.221.16:81/</a><br/>管理员账号：admin 123456<br/>酒店账号：rujia 123456 （其他账号也可以登录）<br/>用户账号（进入前台）：zhangsan 123456 （其他账号也可以登录）<br/></p>', 'VIDEO', 20.00, 'http://localhost:9090/files/1703835588577-人间失格.mp4', 'https://www.yuque.com/xiaqing-en2ii/skflxg/al7ti0qm9zne3gxq', 0.90, '否', '2024-01-02');
INSERT INTO `course` VALUES (7, 'http://localhost:9090/files/1704187047042-企业人力资源管理系统.jpg', '企业人力资源管理系统，基于Springboot+Vue+企业人力资源管理系统', '<p>基于Springboot+Vue+企业人力资源管理系统项目介绍</p><p>项目获取方式：<b>加入知识星球【项目训练营】即可获取</b><br/><br/>功能模块如下：<br/><br/>登录、个人信息、修改密码、管理后台管理系统所有数据，包括统计信息<br/>部门信息管理：管理系统的部门信息<br/>薪资信息管理：管理所有部门员工每月的薪资发放信息<br/>财务支出管理：管理公司所有部门的财务支出<br/>资产信息管理：管理公司所有资产信息<br/>请假审批：员工请假后，如果他的主管审核通过，会自动走到管理员这边审核<br/>资产审批：员工申请资产后，如果他主管审核通过，会自动走到管理员这边进行审核<br/>公告管理：管理系统公告信息<br/>管理员信息：管理系统管理员的相关信息<br/>员工信息：管理系统员工的信息<br/><br/>员工<br/>主管和员工 都属于员工角色。<br/>注册、登录、个人信息、修改密码、查看系统公告<br/>薪资信息查看：查看自己每个月的薪资信息<br/>资产信息申请：可以查看资产信息，对资产进行申请操作<br/>我的资产：可以查看申请通过的资产<br/>请假申请：员工可以查看自己的请假记录，可以发起请假申请<br/>其中，主管还可以做以下工作：<br/>请假审批：员工请假后，会先让主管审核<br/>资产审批：员工申请资产后，会先让主管审核<br/><br/>创新点<br/>二级审批，部门主管先审批，再到管理员<br/>echarts统计图，支持两种维度联合统计<br/>二级角色设置</p>', 'VIDEO', 20.00, 'http://localhost:9090/files/1703835588577-人间失格.mp4', 'https://www.yuque.com/xiaqing-en2ii/skflxg/lwsd0a643h24uy4r', 0.90, '否', '2024-01-02');
INSERT INTO `course` VALUES (8, 'http://localhost:9090/files/1704187091406-医院预约挂号系统.jpg', '医院预约挂号系统，基于Springboot+Vue的挂号预约系统', '<p>基于Springboot+Vue的挂号预约系统项目介绍</p><p>项目获取方式：<b>加入知识星球【项目训练营】即可获取</b></p><p><br/>2. 项目功能描述<br/>2.1. 管理员<br/>登录、个人信息、修改密码、管理后台管理系统所有数据<br/>科室信息管理：管理平台的科室信息<br/>医生排班管理：可以给平台所有医生进行排班，按找星期几统一排班<br/>预约挂号管理：可以查看所有当天可预约挂号的医生信息<br/>患者挂号管理：管理所有患者挂号的信息<br/>患者就诊管理：管理所有患者就诊的信息<br/>住院登记管理：管理所有所需住院的患者的住院登记信息<br/>系统公告管理：管理系统公告信息<br/>管理员信息：管理系统管理员的相关信息<br/>医生信息：管理系统管理员的相关信息<br/>患者信息：管理系统患者的信息<br/><br/>2.2. 医生<br/>注册、登录、个人信息、修改密码、查看系统公告<br/>查看排班信息：可以查看自己的排班信息<br/>患者挂号信息：可以查看挂自己号的患者挂号信息<br/>患者叫号：可以对当天挂自己号的患者进行叫号操作<br/>患者就诊：叫号后可以对患者进行就诊，可以填写医嘱病历<br/><br/>2.3. 患者<br/>查看当天医生：可以查看当天在号的医生<br/>预约挂号：可以对当天在号的医生进行挂号操作<br/>取消挂号：在医生叫号之前，可以对挂号信息进行取消<br/>我的挂号：可以查看自己所有的挂号记录<br/>我的就诊：可以查看自己的所有就诊记录，查看医嘱病历<br/>住院登记：可以查看自己的住院信息<br/>充值功能：个人中心可以进行充值操作<br/><br/>3. 创新点<br/>真实模拟医院的预约挂号常规流程<br/>挂号医生卡片式设计，更符合真实医院挂号场景<br/>富文本编辑器，支持医嘱病历的填写<br/>巧妙的数据关联设计（预约挂号、就诊等和医生、患者、排班均有巧妙的关联）</p>', 'VIDEO', 100.00, 'http://localhost:9090/files/1703835588577-人间失格.mp4', 'https://www.yuque.com/xiaqing-en2ii/skflxg/kqfxmyigztxk7ks7', 0.90, '否', '2024-01-02');
INSERT INTO `course` VALUES (9, 'http://localhost:9090/files/1704187169966-实验室预约系统.jpg', '实验室预约系统，基于Springboot+Vue的实验室预约系统', '<p>基于Springboot+Vue的实验室预约系统项目介绍<br/><br/>项目获取方式：加入知识星球【项目训练营】即可获取<br/><br/>体验地址（请电脑端浏览器访问）：<a href=\"http://111.229.67.228:84/\" target=\"_blank\">http://111.229.67.228:84/</a><br/>系统管理员账号：admin 123456<br/>实验室管理员：zhang 123456<br/>学生账号： zhangsan 123456<br/>线上环境，部分基础数据不允许修改（例如系统公告、实验室相关数据、用户数据等等），可以体验实验室预约的核心业务功能。<br/><br/>2. 项目技术栈<br/>前后端分离<br/>后端：Springboot + Mybatis<br/>前端：Vue + ElementUI<br/>数据库： MySQL<br/><br/>3. 项目功能描述<br/>3.1. 系统管理员<br/>登录、个人信息、修改密码、管理后台管理系统所有数据<br/>实验室分类管理：管理员可以管理实验室分类，且不同实验室会绑定一个实验室管理员账号<br/>实验室管理：管理员可以管理实验室信息，绑定具体的分类下面，实验室默认是空闲状态，如果有人预约会变成使用中，使用结束状态会回归到空闲。<br/>预约记录管理：管理用户的预约记录，可以审核用户预约，审核通过后用户可以使用<br/>报修记录管理：管理用户的报修记录，且可以指定检修单位进行检修<br/>检修记录管理：管理所有实验室设备的检修记录<br/>系统公告管理：管理平台系统公告<br/>管理员信息管理：管理管理员的信息<br/>用户信息管理：管理平台用户信息<br/><br/>3.2. 实验室管理员<br/>登录、个人信息、修改密码、管理自己实验室的数据<br/>实验室管理：管理自己名下的实验室信息。<br/>预约记录管理：审核用户预约自己管理的实验室，用户使用结束后，可以释放实验室的状态为空闲<br/>报修记录管理：查看自己管理的实验室的报修记录信息<br/>检修记录管理：查看自己实验室的检修记录<br/><br/>3.3. 学生<br/>注册、登录、个人信息、修改密码、查看系统公告<br/>实验室查看：查看当前所有可预约的实验室，卡片式展示<br/>实验室预约：可以对空闲实验室进行预约操作，预约后，等待实验室管理员或者系统管理员审核，审核通过后可以使用<br/>实验室报修：实验室使用结束后，如果实验室里有设备需要报修的话，可以给系统提交报修信息<br/>报修记录：查看自己提交的报修记录<br/>检修记录：查看实验室的检修记录<br/><br/>4. 创新点<br/>echarts统计图统计，使用柱状图和饼图统计实验室的使用和空闲状态数量<br/>整个过程实现一个完整的闭环，对实验室预约、报修、检修形成一套完整的闭环<br/>用户视角实验室预约页面进行卡片式设计，改变普通管理系统的死板<br/>巧妙的数据关联设计（实验室分类、实验室、实验室管理员、用户之间的多维度关联）<br/></p>', 'VIDEO', 100.00, 'http://localhost:9090/files/1703835588577-人间失格.mp4', 'https://www.yuque.com/xiaqing-en2ii/skflxg/rc3ih3xrt3g3rauo', 0.90, '否', '2024-01-02');
INSERT INTO `course` VALUES (10, 'http://localhost:9090/files/1704187213647-教务管理系统.jpg', '教务管理系统，基于Springboot+Vue的教务系统', '<p>基于Springboot+Vue的教务系统项目介绍<br/><br/>项目获取方式：加入知识星球【项目训练营】可获取<br/><br/>项目在线体验地址<br/>体验地址（请电脑端浏览器访问）：<a href=\"http://111.229.67.228:85/\" target=\"_blank\">http://111.229.67.228:85/</a><br/>管理员账号：admin 123456<br/>教师账号：zhang 123456<br/>学生账号： zhangsan 123456<br/>管理员登录后，可以看到不同的教师和学生账号，均可登录，密码统一123456<br/><br/>项目技术栈<br/>前后端分离<br/>后端：Springboot + Mybatis<br/>前端：Vue + ElementUI<br/>数据库： MySQL<br/><br/>项目功能描述<br/>管理员<br/>登录、个人信息、修改密码、管理后台管理系统所有数据<br/>首页查看各种通知、考勤状态和成绩分布的echarts统计图<br/>信息公告部分：<br/>1）教务通知：管理学校公布的教务通知，且在首页展示<br/>2）考试安排：管理学校的各种考试安排，包括期末考试、补考重修考试安排等<br/>3）教室安排：管理学校公共资源的使用情况<br/>行政管理部分：<br/>1）学院管理：管理学院的基本信息<br/>2）专业管理：管理专业的基本信息（包括专业最低学分限制）<br/>3）班级管理：管理班级的基本信息<br/>教学管理部分：<br/>1）课程管理：管理所有课程的信息，包括授课教师，上课时间，学分，课程状态等<br/>2）选课管理：管理所有学生的选课信息<br/>3）成绩管理：管理所有学生的成绩信息（成绩信息由授课教师录入）成绩分为平时分、考试分和总成绩，其中平时分占30%，考试分占70%，总成绩自动计算<br/>4）网上评教：管理所有学生对他选的课的授课教师的评价信息<br/>教务管理部分：<br/>1）请假管理：管理所有学生的请假信息，并且审核学生的请假信息<br/>2）作业提交：管理所有学生提交的作业信息<br/>3）考勤管理：管理所有学生的考勤信息（考勤信息由授课教师录入）<br/>用户管理部分：<br/>1）管理员信息：管理系统管理员账号<br/>2）教师信息：管理系统教师的账号<br/>3）学生信息：管理系统学生的账号<br/><br/>3.2. 教师<br/>登录、个人信息、修改密码<br/>首页查看各种通知、考勤状态和成绩分布的echarts统计图<br/>信息公告部分：<br/>1）教务通知：查看系统首页的教务通知<br/>2）考试安排：查看系统首页的考试安排<br/>3）教室安排：查看学校教室的使用情况，可以看到哪些教室空闲，可以去使用<br/>行政管理部分：<br/>1）学院管理：查看学院的基本信息<br/>2）专业管理：查看专业的基本信息<br/>3）班级管理：查看班级的基本信息<br/>教学管理部分：<br/>1）课程管理：查看自己的所有课程的信息（包括必修和选修课），可以修改自己的课程状态<br/>2）选课管理：查看所有学生选择自己课程的信息<br/>3）成绩管理：管理所有自己课程的学生成绩信息，录入平时分和期末分，自动计算学生总成绩<br/>4）网上评教：查看所有学生对他选的课的授课教师的评价信息<br/>教务管理部分：<br/>1）请假管理：查看所有学生的请假信息<br/>2）作业提交：管理他的课程的所有学生提交的作业信息，并且可以给学生提交的作业进行下载查看，然后完成打分<br/>3）考勤管理：管理他的课程的所有学生的考勤信息（考勤信息由授课教师录入）<br/><br/>3.3. 学生<br/>注册、登录、个人信息、修改密码<br/>首页查看各种通知、考勤状态和成绩分布的echarts统计图<br/>信息公告部分：<br/>1）教务通知：查看系统首页的教务通知<br/>2）考试安排：查看系统首页的考试安排<br/>3）教室安排：查看学校教室的使用情况，可以看到哪些教室空闲，可以去使用<br/>行政管理部分：<br/>1）学院管理：查看学院的基本信息<br/>2）专业管理：查看专业的基本信息<br/>3）班级管理：查看班级的基本信息<br/>教学管理部分：<br/>1）课程管理：查看所有的课程信息，并且可以对自己喜欢的课程进行选课操作，系统会自动根据学生已选的课程的上课时间进行冲突性校验，确保学生选的不同课的时间不冲突<br/>2）选课管理：查看自己选的所有课程，在开课前，如果不想选了可以支持取消选课<br/>3）我的课表：可以查看自己选的课的课表信息。系统会自动根据学生选的课的时间（周几、第几大节）动态生成真实对应的课表<br/>4）成绩管理：查看自己所有选课的成绩信息<br/>5）网上评教：可以对自己选过的课的授课教师进行评教处理，提交对授课教师的评价，并且可以查看所有其他的评价信息<br/>教务管理部分：<br/>1）请假管理：学生可以提交自己的请假信息，等待管理员审核，审核通过后可请假<br/>2）作业提交：学生可以提交自己选的课的课程作业，由授课教师下载查看并打分<br/>3）考勤管理：学生可以查看自己上课的考勤情况，由授课教师录入<br/><br/>4. 创新点<br/>echarts统计图统计，使用饼图统计学生的考勤状态、使用折线图统计成绩分布情况<br/>真实模拟实际教务业务：例如选课、课表、成绩、请假、评教、作业、考勤等<br/>课表的设计，实时动态根据学生选的课生成对应的真实课表（周几、第几大节、授课教师）<br/>巧妙的二级联动设计：在学生成绩模块，通过课程自动联动选课学生，避免手动选择<br/>巧妙的多模块之间关联设计：课程、选课、成绩等不同模块和三个角色之间的不同关联实现整个业务的闭环<br/></p>', 'VIDEO', 100.00, 'http://localhost:9090/files/1703835588577-人间失格.mp4', 'https://www.yuque.com/xiaqing-en2ii/skflxg/hzump3u85ukr64x3', 0.90, '否', '2024-01-02');
INSERT INTO `course` VALUES (11, 'http://localhost:9090/files/1704187255637-高校社团系统.jpg', '高校社团管理系统，基于Springboot+Vue的高校社团管理系统', '<p>基于Springboot+Vue的高校社团管理系统项目介绍</p><p>项目获取方式：<b>加入知识星球【项目训练营】即可获取</b><br/><br/>功能模块如下：<br/><br/>登录、个人信息、修改密码、管理后台管理系统所有数据<br/>社团信息管理：管理系统的社团信息<br/>审批信息管理：管理所有学生的社团申请审批信息<br/>社团成员管理：管理所有社团的成员信息<br/>社团活动管理：管理所有社团的活动信息<br/>社团资讯管理：管理所有社团的资讯信息<br/>社团评论管理：管理所有社团的评论信息<br/>公告管理：管理系统公告信息<br/>管理员信息：管理系统管理员的相关信息<br/>学生信息：管理系统员工的信息<br/><br/>社长：注册、登录、个人信息、修改密码<br/>社团管理：管理自己的社团<br/>申请审批：可以对申请自己社团的学生进行审核审批<br/>社团成员：可以查看自己社团的成员<br/>社团活动：管理自己社团的活动<br/>社团资讯：管理自己社团的资讯<br/>评论信息：管理自己社团的评论<br/><br/>学生：注册、登录、个人信息、修改密码<br/>注册、登录、个人信息、修改密码、查看系统公告<br/>查看社团资讯：可以查看各种社团的资讯<br/>查看社团活动：可以查看各种社团的活动<br/>查看社团信息：可以查看各种社团的信息<br/>社团申请：可以向自己感兴趣的社团申请加入<br/>我申请的社团：可以查看自己的所有申请记录<br/><br/>创新点<br/>富文本编辑器，支持发帖渲染<br/>巧妙的数据关联设计<br/>二级角色设计</p>', 'VIDEO', 100.00, 'http://localhost:9090/files/1703835588577-人间失格.mp4', 'https://www.yuque.com/xiaqing-en2ii/skflxg/tx6vfqlcn3ohgwnf', 0.90, '否', '2024-01-02');

-- ----------------------------
-- Table structure for fileorder
-- ----------------------------
DROP TABLE IF EXISTS `fileorder`;
CREATE TABLE `fileorder`  (
  `id` int(10) NOT NULL AUTO_INCREMENT COMMENT '主键ID',
  `file_id` int(10) NULL DEFAULT NULL COMMENT '资料ID',
  `score` int(10) NULL DEFAULT NULL COMMENT '所需积分',
  `order_id` varchar(255) CHARACTER SET utf8mb4 COLLATE utf8mb4_unicode_ci NULL DEFAULT NULL COMMENT '订单编号',
  `time` varchar(255) CHARACTER SET utf8mb4 COLLATE utf8mb4_unicode_ci NULL DEFAULT NULL COMMENT '兑换时间',
  `user_id` int(10) NULL DEFAULT NULL COMMENT '兑换用户',
  PRIMARY KEY (`id`) USING BTREE
) ENGINE = InnoDB AUTO_INCREMENT = 2 CHARACTER SET = utf8mb4 COLLATE = utf8mb4_unicode_ci COMMENT = '资源订单表' ROW_FORMAT = Dynamic;

-- ----------------------------
-- Records of fileorder
-- ----------------------------
INSERT INTO `fileorder` VALUES (1, 10, 20, '20240111160758', '2024-01-11 16:07:57', 2);
INSERT INTO `fileorder` VALUES (2, 5, 20, '20240111161442', '2024-01-11 16:14:42', 6);

-- ----------------------------
-- Table structure for information
-- ----------------------------
DROP TABLE IF EXISTS `information`;
CREATE TABLE `information`  (
  `id` int(10) NOT NULL AUTO_INCREMENT COMMENT '主键ID',
  `name` varchar(255) CHARACTER SET utf8mb4 COLLATE utf8mb4_unicode_ci NULL DEFAULT NULL COMMENT '资料名称',
  `img` varchar(255) CHARACTER SET utf8mb4 COLLATE utf8mb4_unicode_ci NULL DEFAULT NULL COMMENT '资料主图',
  `score` int(10) NULL DEFAULT 0 COMMENT '所需积分',
  `time` varchar(255) CHARACTER SET utf8mb4 COLLATE utf8mb4_unicode_ci NULL DEFAULT NULL COMMENT '上传时间',
  `recommend` varchar(255) CHARACTER SET utf8mb4 COLLATE utf8mb4_unicode_ci NULL DEFAULT '否' COMMENT '是否推荐',
  `user_id` int(10) NULL DEFAULT NULL COMMENT '上传用户',
  `status` varchar(255) CHARACTER SET utf8mb4 COLLATE utf8mb4_unicode_ci NULL DEFAULT NULL COMMENT '审核状态',
  `descr` varchar(255) CHARACTER SET utf8mb4 COLLATE utf8mb4_unicode_ci NULL DEFAULT NULL COMMENT '审核说明',
  `content` longtext CHARACTER SET utf8mb4 COLLATE utf8mb4_unicode_ci NULL COMMENT '资料说明',
  `file` varchar(255) CHARACTER SET utf8mb4 COLLATE utf8mb4_unicode_ci NULL DEFAULT NULL COMMENT '资料链接',
  PRIMARY KEY (`id`) USING BTREE
) ENGINE = InnoDB AUTO_INCREMENT = 10 CHARACTER SET = utf8mb4 COLLATE = utf8mb4_unicode_ci COMMENT = '资源信息表' ROW_FORMAT = Dynamic;

-- ----------------------------
-- Records of information
-- ----------------------------
INSERT INTO `information` VALUES (2, '科学健身视频资料可以自己练', 'http://localhost:9090/files/1704355405419-3.png', 35, '2024-01-04', '否', 1, '审核通过', '符合规范', '<p>为什么那么多学Java的人却找不到工作？所以有个很关键的问题：你的Java真的入门了吗？你的简历里面实战项目这一栏真的有东西写吗？可能这个问题会让很多小伙伴抓耳挠腮了。为什么会这样？</p><p><strong>以下所有痛点，总有一个能直击你的灵魂深处，产生共鸣</strong></p><p><strong></strong></p><p>1. Java确实门槛低，但是你学的只是基础知识或者简单的增删改查，当你觉得入门了并去找实习的时候，你发现自己所学的知识连实习或者工作的最低要求都没有达到。</p><p>2. 你掌握了在学校学的所有知识并且自己还做过深层次的钻研，但是当你去找实习或者工作的时候，你发现在学校所学的东西，好像在这个社会都已经消失了。<br/></p><p>3. 现在互联网上大部分学习资料都是偏基础的，稍微拔高点的东西（比如实战项目）都是不完整的，或者收费的，费用可能已经超出小伙伴的承受能力了。<br/></p><p>4. 即使你能在网上找到一套完整的开源项目，即使你能拿到源码，但是你可能连项目都启动不起来。<br/></p><p>5. 网上找的开源项目，即使你能启动的起来，可能它是个比较大的项目，里面涉及到的东西可能以你目前的知识储备，根本没法hold住它。<br/></p><p>6. 即使你找到了一个可运行的且技术栈也比较适合你的项目，但是你看不懂代码，你能做的仅仅是能启动运行，其他你一概不知。</p><p>7. 你可能在网上学了很多各种各样的知识碎片，确实也学会了，但是当你写简历的时候，你觉得项目经验这块却无从下手，因为你从来没有真正完整的做过一个项目。<br/></p><p>8. 即使你在网上找到了一个比较全的视频教程，但是在跟着学的过程中，明明跟视频里一样做的，但视频里没问题，你这边却各种bug出来，缺少一个给你答疑的地方，你根本没法走下去。</p><p>9. 你在学习的过程中还会遇到其他各种问题，可能你每次遇到问题都翻遍了整个百度、咨询了各种群里的小伙伴，但是一直没有得到解决办法，一直没有找到错误的根源。</p><p>10. 最后你不得不去找个培训班，但是高额的费用可能成为压垮你的最后一根稻草，你迷茫了，焦虑了，甚至怀疑自己是不是真的适合做计算机这一行，各种负面情绪充斥而来，无意中，你也慢慢进入了唱衰Java大军里的一员。</p><p><strong>到底是Java不行了，还是你自己没有真正找到一个靠谱且正确的学习之路或者学习圈子？</strong></p><p><strong></strong></p><p>虽然每年唱衰Java的人比比皆是，但是每年能找到自己满意的工作的小伙伴也比比皆是。其实问题很简单：<strong>Java既然门槛这么低，那你只要找到正确的学习之路，获取高质量的资源，有问题的时候总有人能给你讨论和答疑，是不是好像你就可以了，然后就是投入你的精力拼命的学习就行了</strong>。上面的所有痛点，好像也不是很难解决。</p><p>如果现在有人告诉你，有这么一个地方，除了能解决你上述所有痛点之外，还可以给你提供如下服务：</p><p>1. 几十个实战项目，让你跟学，提供完整教学视频、配套详细笔记文档。</p><p>2. 原来你从来没想过自己可以独立做一套程序出来，现在你可以在短时间内自己独立做来。</p><p>3. 原来你苦于简历上写不了一个完整的实战项目，现在你苦于项目太多，不知道写哪个。</p><p>4. 原来你困扰你很久的问题，翻遍整个百度都找不到答案的，现在有一千多位小伙伴和两位大佬一起帮你排查。</p><p>5. 2位大厂出身8年开发经验的大佬全天直播，现场带你开发项目。</p><p>你是不是觉得好像春天又来了，你是不是觉得这就是你一直苦苦寻找的高质量提升你编程技能的圈子。好像你原来的焦虑和顾虑通通打消了，你所差的就是 just do it ！</p><p><ne-clipboard></ne-clipboard></p><p>知识星球【<strong>项目训练营</strong>】应运时代的需要、解决计算机行业的社会现状而创建。解决以上所有痛点，并且提供以上所有服务，为这部分小伙伴的学习之路保驾护航。</p><p><img src=\"http://101.35.218.50:9092/files/1703728525121-%E4%BC%98%E6%83%A0%E5%88%B8.png\"/></p>', 'https://www.baidu.com');
INSERT INTO `information` VALUES (3, '十万字Springboot资料免费分享', 'http://localhost:9090/files/1704355712332-9.png', 50, '2024-01-04', '否', 1, '审核通过', '符合规范', '<p>为什么那么多学Java的人却找不到工作？所以有个很关键的问题：你的Java真的入门了吗？你的简历里面实战项目这一栏真的有东西写吗？可能这个问题会让很多小伙伴抓耳挠腮了。为什么会这样？</p><p><strong>以下所有痛点，总有一个能直击你的灵魂深处，产生共鸣</strong></p><p><strong></strong></p><p>1. Java确实门槛低，但是你学的只是基础知识或者简单的增删改查，当你觉得入门了并去找实习的时候，你发现自己所学的知识连实习或者工作的最低要求都没有达到。</p><p>2. 你掌握了在学校学的所有知识并且自己还做过深层次的钻研，但是当你去找实习或者工作的时候，你发现在学校所学的东西，好像在这个社会都已经消失了。<br/></p><p>3. 现在互联网上大部分学习资料都是偏基础的，稍微拔高点的东西（比如实战项目）都是不完整的，或者收费的，费用可能已经超出小伙伴的承受能力了。<br/></p><p>4. 即使你能在网上找到一套完整的开源项目，即使你能拿到源码，但是你可能连项目都启动不起来。<br/></p><p>5. 网上找的开源项目，即使你能启动的起来，可能它是个比较大的项目，里面涉及到的东西可能以你目前的知识储备，根本没法hold住它。<br/></p><p>6. 即使你找到了一个可运行的且技术栈也比较适合你的项目，但是你看不懂代码，你能做的仅仅是能启动运行，其他你一概不知。</p><p>7. 你可能在网上学了很多各种各样的知识碎片，确实也学会了，但是当你写简历的时候，你觉得项目经验这块却无从下手，因为你从来没有真正完整的做过一个项目。<br/></p><p>8. 即使你在网上找到了一个比较全的视频教程，但是在跟着学的过程中，明明跟视频里一样做的，但视频里没问题，你这边却各种bug出来，缺少一个给你答疑的地方，你根本没法走下去。</p><p>9. 你在学习的过程中还会遇到其他各种问题，可能你每次遇到问题都翻遍了整个百度、咨询了各种群里的小伙伴，但是一直没有得到解决办法，一直没有找到错误的根源。</p><p>10. 最后你不得不去找个培训班，但是高额的费用可能成为压垮你的最后一根稻草，你迷茫了，焦虑了，甚至怀疑自己是不是真的适合做计算机这一行，各种负面情绪充斥而来，无意中，你也慢慢进入了唱衰Java大军里的一员。</p><p><strong>到底是Java不行了，还是你自己没有真正找到一个靠谱且正确的学习之路或者学习圈子？</strong></p><p><strong></strong></p><p>虽然每年唱衰Java的人比比皆是，但是每年能找到自己满意的工作的小伙伴也比比皆是。其实问题很简单：<strong>Java既然门槛这么低，那你只要找到正确的学习之路，获取高质量的资源，有问题的时候总有人能给你讨论和答疑，是不是好像你就可以了，然后就是投入你的精力拼命的学习就行了</strong>。上面的所有痛点，好像也不是很难解决。</p><p>如果现在有人告诉你，有这么一个地方，除了能解决你上述所有痛点之外，还可以给你提供如下服务：</p><p>1. 几十个实战项目，让你跟学，提供完整教学视频、配套详细笔记文档。</p><p>2. 原来你从来没想过自己可以独立做一套程序出来，现在你可以在短时间内自己独立做来。</p><p>3. 原来你苦于简历上写不了一个完整的实战项目，现在你苦于项目太多，不知道写哪个。</p><p>4. 原来你困扰你很久的问题，翻遍整个百度都找不到答案的，现在有一千多位小伙伴和两位大佬一起帮你排查。</p><p>5. 2位大厂出身8年开发经验的大佬全天直播，现场带你开发项目。</p><p>你是不是觉得好像春天又来了，你是不是觉得这就是你一直苦苦寻找的高质量提升你编程技能的圈子。好像你原来的焦虑和顾虑通通打消了，你所差的就是 just do it ！</p><p><ne-clipboard></ne-clipboard></p><p>知识星球【<strong>项目训练营</strong>】应运时代的需要、解决计算机行业的社会现状而创建。解决以上所有痛点，并且提供以上所有服务，为这部分小伙伴的学习之路保驾护航。</p><p><img src=\"http://101.35.218.50:9092/files/1703728525121-%E4%BC%98%E6%83%A0%E5%88%B8.png\"/></p>', 'https://www.baidu.com');
INSERT INTO `information` VALUES (4, '20G口才演讲视频教程', 'http://localhost:9090/files/1704356078819-1.png', 25, '2024-01-04', '否', 2, '审核不通过', '不符合规范！', '<p>为什么那么多学Java的人却找不到工作？所以有个很关键的问题：你的Java真的入门了吗？你的简历里面实战项目这一栏真的有东西写吗？可能这个问题会让很多小伙伴抓耳挠腮了。为什么会这样？</p><p><strong>以下所有痛点，总有一个能直击你的灵魂深处，产生共鸣</strong></p><p><strong></strong></p><p>1. Java确实门槛低，但是你学的只是基础知识或者简单的增删改查，当你觉得入门了并去找实习的时候，你发现自己所学的知识连实习或者工作的最低要求都没有达到。</p><p>2. 你掌握了在学校学的所有知识并且自己还做过深层次的钻研，但是当你去找实习或者工作的时候，你发现在学校所学的东西，好像在这个社会都已经消失了。<br/></p><p>3. 现在互联网上大部分学习资料都是偏基础的，稍微拔高点的东西（比如实战项目）都是不完整的，或者收费的，费用可能已经超出小伙伴的承受能力了。<br/></p><p>4. 即使你能在网上找到一套完整的开源项目，即使你能拿到源码，但是你可能连项目都启动不起来。<br/></p><p>5. 网上找的开源项目，即使你能启动的起来，可能它是个比较大的项目，里面涉及到的东西可能以你目前的知识储备，根本没法hold住它。<br/></p><p>6. 即使你找到了一个可运行的且技术栈也比较适合你的项目，但是你看不懂代码，你能做的仅仅是能启动运行，其他你一概不知。</p><p>7. 你可能在网上学了很多各种各样的知识碎片，确实也学会了，但是当你写简历的时候，你觉得项目经验这块却无从下手，因为你从来没有真正完整的做过一个项目。<br/></p><p>8. 即使你在网上找到了一个比较全的视频教程，但是在跟着学的过程中，明明跟视频里一样做的，但视频里没问题，你这边却各种bug出来，缺少一个给你答疑的地方，你根本没法走下去。</p><p>9. 你在学习的过程中还会遇到其他各种问题，可能你每次遇到问题都翻遍了整个百度、咨询了各种群里的小伙伴，但是一直没有得到解决办法，一直没有找到错误的根源。</p><p>10. 最后你不得不去找个培训班，但是高额的费用可能成为压垮你的最后一根稻草，你迷茫了，焦虑了，甚至怀疑自己是不是真的适合做计算机这一行，各种负面情绪充斥而来，无意中，你也慢慢进入了唱衰Java大军里的一员。</p><p><strong>到底是Java不行了，还是你自己没有真正找到一个靠谱且正确的学习之路或者学习圈子？</strong></p><p><strong></strong></p><p>虽然每年唱衰Java的人比比皆是，但是每年能找到自己满意的工作的小伙伴也比比皆是。其实问题很简单：<strong>Java既然门槛这么低，那你只要找到正确的学习之路，获取高质量的资源，有问题的时候总有人能给你讨论和答疑，是不是好像你就可以了，然后就是投入你的精力拼命的学习就行了</strong>。上面的所有痛点，好像也不是很难解决。</p><p>如果现在有人告诉你，有这么一个地方，除了能解决你上述所有痛点之外，还可以给你提供如下服务：</p><p>1. 几十个实战项目，让你跟学，提供完整教学视频、配套详细笔记文档。</p><p>2. 原来你从来没想过自己可以独立做一套程序出来，现在你可以在短时间内自己独立做来。</p><p>3. 原来你苦于简历上写不了一个完整的实战项目，现在你苦于项目太多，不知道写哪个。</p><p>4. 原来你困扰你很久的问题，翻遍整个百度都找不到答案的，现在有一千多位小伙伴和两位大佬一起帮你排查。</p><p>5. 2位大厂出身8年开发经验的大佬全天直播，现场带你开发项目。</p><p>你是不是觉得好像春天又来了，你是不是觉得这就是你一直苦苦寻找的高质量提升你编程技能的圈子。好像你原来的焦虑和顾虑通通打消了，你所差的就是 just do it ！</p><p><ne-clipboard></ne-clipboard></p><p>知识星球【<strong>项目训练营</strong>】应运时代的需要、解决计算机行业的社会现状而创建。解决以上所有痛点，并且提供以上所有服务，为这部分小伙伴的学习之路保驾护航。</p><p><img src=\"http://101.35.218.50:9092/files/1703728525121-%E4%BC%98%E6%83%A0%E5%88%B8.png\"/></p>', 'https://www.baidu.com');
INSERT INTO `information` VALUES (5, '复旦大学哲学公开课资料汇总', 'http://localhost:9090/files/1704360538622-5.png', 20, '2024-01-04', '否', 1, '审核通过', '符合规范', '<p>为什么那么多学Java的人却找不到工作？所以有个很关键的问题：你的Java真的入门了吗？你的简历里面实战项目这一栏真的有东西写吗？可能这个问题会让很多小伙伴抓耳挠腮了。为什么会这样？</p><p><strong>以下所有痛点，总有一个能直击你的灵魂深处，产生共鸣</strong></p><p><strong></strong></p><p>1. Java确实门槛低，但是你学的只是基础知识或者简单的增删改查，当你觉得入门了并去找实习的时候，你发现自己所学的知识连实习或者工作的最低要求都没有达到。</p><p>2. 你掌握了在学校学的所有知识并且自己还做过深层次的钻研，但是当你去找实习或者工作的时候，你发现在学校所学的东西，好像在这个社会都已经消失了。<br/></p><p>3. 现在互联网上大部分学习资料都是偏基础的，稍微拔高点的东西（比如实战项目）都是不完整的，或者收费的，费用可能已经超出小伙伴的承受能力了。<br/></p><p>4. 即使你能在网上找到一套完整的开源项目，即使你能拿到源码，但是你可能连项目都启动不起来。<br/></p><p>5. 网上找的开源项目，即使你能启动的起来，可能它是个比较大的项目，里面涉及到的东西可能以你目前的知识储备，根本没法hold住它。<br/></p><p>6. 即使你找到了一个可运行的且技术栈也比较适合你的项目，但是你看不懂代码，你能做的仅仅是能启动运行，其他你一概不知。</p><p>7. 你可能在网上学了很多各种各样的知识碎片，确实也学会了，但是当你写简历的时候，你觉得项目经验这块却无从下手，因为你从来没有真正完整的做过一个项目。<br/></p><p>8. 即使你在网上找到了一个比较全的视频教程，但是在跟着学的过程中，明明跟视频里一样做的，但视频里没问题，你这边却各种bug出来，缺少一个给你答疑的地方，你根本没法走下去。</p><p>9. 你在学习的过程中还会遇到其他各种问题，可能你每次遇到问题都翻遍了整个百度、咨询了各种群里的小伙伴，但是一直没有得到解决办法，一直没有找到错误的根源。</p><p>10. 最后你不得不去找个培训班，但是高额的费用可能成为压垮你的最后一根稻草，你迷茫了，焦虑了，甚至怀疑自己是不是真的适合做计算机这一行，各种负面情绪充斥而来，无意中，你也慢慢进入了唱衰Java大军里的一员。</p><p><strong>到底是Java不行了，还是你自己没有真正找到一个靠谱且正确的学习之路或者学习圈子？</strong></p><p><strong></strong></p><p>虽然每年唱衰Java的人比比皆是，但是每年能找到自己满意的工作的小伙伴也比比皆是。其实问题很简单：<strong>Java既然门槛这么低，那你只要找到正确的学习之路，获取高质量的资源，有问题的时候总有人能给你讨论和答疑，是不是好像你就可以了，然后就是投入你的精力拼命的学习就行了</strong>。上面的所有痛点，好像也不是很难解决。</p><p>如果现在有人告诉你，有这么一个地方，除了能解决你上述所有痛点之外，还可以给你提供如下服务：</p><p>1. 几十个实战项目，让你跟学，提供完整教学视频、配套详细笔记文档。</p><p>2. 原来你从来没想过自己可以独立做一套程序出来，现在你可以在短时间内自己独立做来。</p><p>3. 原来你苦于简历上写不了一个完整的实战项目，现在你苦于项目太多，不知道写哪个。</p><p>4. 原来你困扰你很久的问题，翻遍整个百度都找不到答案的，现在有一千多位小伙伴和两位大佬一起帮你排查。</p><p>5. 2位大厂出身8年开发经验的大佬全天直播，现场带你开发项目。</p><p>你是不是觉得好像春天又来了，你是不是觉得这就是你一直苦苦寻找的高质量提升你编程技能的圈子。好像你原来的焦虑和顾虑通通打消了，你所差的就是 just do it ！</p><p><ne-clipboard></ne-clipboard></p><p>知识星球【<strong>项目训练营</strong>】应运时代的需要、解决计算机行业的社会现状而创建。解决以上所有痛点，并且提供以上所有服务，为这部分小伙伴的学习之路保驾护航。</p><p><img src=\"http://101.35.218.50:9092/files/1703728525121-%E4%BC%98%E6%83%A0%E5%88%B8.png\"/></p>', 'https://www.baidu.com');
INSERT INTO `information` VALUES (6, '3万字Java基础学习笔记分享', 'http://localhost:9090/files/1704360594976-lun-1.jpg', 0, '2024-01-04', '否', 1, '待审核', '', '<p>为什么那么多学Java的人却找不到工作？所以有个很关键的问题：你的Java真的入门了吗？你的简历里面实战项目这一栏真的有东西写吗？可能这个问题会让很多小伙伴抓耳挠腮了。为什么会这样？</p><p><strong>以下所有痛点，总有一个能直击你的灵魂深处，产生共鸣</strong></p><p><strong></strong></p><p>1. Java确实门槛低，但是你学的只是基础知识或者简单的增删改查，当你觉得入门了并去找实习的时候，你发现自己所学的知识连实习或者工作的最低要求都没有达到。</p><p>2. 你掌握了在学校学的所有知识并且自己还做过深层次的钻研，但是当你去找实习或者工作的时候，你发现在学校所学的东西，好像在这个社会都已经消失了。<br/></p><p>3. 现在互联网上大部分学习资料都是偏基础的，稍微拔高点的东西（比如实战项目）都是不完整的，或者收费的，费用可能已经超出小伙伴的承受能力了。<br/></p><p>4. 即使你能在网上找到一套完整的开源项目，即使你能拿到源码，但是你可能连项目都启动不起来。<br/></p><p>5. 网上找的开源项目，即使你能启动的起来，可能它是个比较大的项目，里面涉及到的东西可能以你目前的知识储备，根本没法hold住它。<br/></p><p>6. 即使你找到了一个可运行的且技术栈也比较适合你的项目，但是你看不懂代码，你能做的仅仅是能启动运行，其他你一概不知。</p><p>7. 你可能在网上学了很多各种各样的知识碎片，确实也学会了，但是当你写简历的时候，你觉得项目经验这块却无从下手，因为你从来没有真正完整的做过一个项目。<br/></p><p>8. 即使你在网上找到了一个比较全的视频教程，但是在跟着学的过程中，明明跟视频里一样做的，但视频里没问题，你这边却各种bug出来，缺少一个给你答疑的地方，你根本没法走下去。</p><p>9. 你在学习的过程中还会遇到其他各种问题，可能你每次遇到问题都翻遍了整个百度、咨询了各种群里的小伙伴，但是一直没有得到解决办法，一直没有找到错误的根源。</p><p>10. 最后你不得不去找个培训班，但是高额的费用可能成为压垮你的最后一根稻草，你迷茫了，焦虑了，甚至怀疑自己是不是真的适合做计算机这一行，各种负面情绪充斥而来，无意中，你也慢慢进入了唱衰Java大军里的一员。</p><p><strong>到底是Java不行了，还是你自己没有真正找到一个靠谱且正确的学习之路或者学习圈子？</strong></p><p><strong></strong></p><p>虽然每年唱衰Java的人比比皆是，但是每年能找到自己满意的工作的小伙伴也比比皆是。其实问题很简单：<strong>Java既然门槛这么低，那你只要找到正确的学习之路，获取高质量的资源，有问题的时候总有人能给你讨论和答疑，是不是好像你就可以了，然后就是投入你的精力拼命的学习就行了</strong>。上面的所有痛点，好像也不是很难解决。</p><p>如果现在有人告诉你，有这么一个地方，除了能解决你上述所有痛点之外，还可以给你提供如下服务：</p><p>1. 几十个实战项目，让你跟学，提供完整教学视频、配套详细笔记文档。</p><p>2. 原来你从来没想过自己可以独立做一套程序出来，现在你可以在短时间内自己独立做来。</p><p>3. 原来你苦于简历上写不了一个完整的实战项目，现在你苦于项目太多，不知道写哪个。</p><p>4. 原来你困扰你很久的问题，翻遍整个百度都找不到答案的，现在有一千多位小伙伴和两位大佬一起帮你排查。</p><p>5. 2位大厂出身8年开发经验的大佬全天直播，现场带你开发项目。</p><p>你是不是觉得好像春天又来了，你是不是觉得这就是你一直苦苦寻找的高质量提升你编程技能的圈子。好像你原来的焦虑和顾虑通通打消了，你所差的就是 just do it ！</p><p><ne-clipboard></ne-clipboard></p><p>知识星球【<strong>项目训练营</strong>】应运时代的需要、解决计算机行业的社会现状而创建。解决以上所有痛点，并且提供以上所有服务，为这部分小伙伴的学习之路保驾护航。</p><p><img src=\"http://101.35.218.50:9092/files/1703728525121-%E4%BC%98%E6%83%A0%E5%88%B8.png\"/></p>', 'https://www.baidu.com');
INSERT INTO `information` VALUES (7, '5万字Java基础资料下载', 'http://localhost:9090/files/1704360655310-7.png', 20, '2024-01-04', '否', 2, '审核通过', '符合规范', '<p>为什么那么多学Java的人却找不到工作？所以有个很关键的问题：你的Java真的入门了吗？你的简历里面实战项目这一栏真的有东西写吗？可能这个问题会让很多小伙伴抓耳挠腮了。为什么会这样？</p><p><strong>以下所有痛点，总有一个能直击你的灵魂深处，产生共鸣</strong></p><p><strong></strong></p><p>1. Java确实门槛低，但是你学的只是基础知识或者简单的增删改查，当你觉得入门了并去找实习的时候，你发现自己所学的知识连实习或者工作的最低要求都没有达到。</p><p>2. 你掌握了在学校学的所有知识并且自己还做过深层次的钻研，但是当你去找实习或者工作的时候，你发现在学校所学的东西，好像在这个社会都已经消失了。<br/></p><p>3. 现在互联网上大部分学习资料都是偏基础的，稍微拔高点的东西（比如实战项目）都是不完整的，或者收费的，费用可能已经超出小伙伴的承受能力了。<br/></p><p>4. 即使你能在网上找到一套完整的开源项目，即使你能拿到源码，但是你可能连项目都启动不起来。<br/></p><p>5. 网上找的开源项目，即使你能启动的起来，可能它是个比较大的项目，里面涉及到的东西可能以你目前的知识储备，根本没法hold住它。<br/></p><p>6. 即使你找到了一个可运行的且技术栈也比较适合你的项目，但是你看不懂代码，你能做的仅仅是能启动运行，其他你一概不知。</p><p>7. 你可能在网上学了很多各种各样的知识碎片，确实也学会了，但是当你写简历的时候，你觉得项目经验这块却无从下手，因为你从来没有真正完整的做过一个项目。<br/></p><p>8. 即使你在网上找到了一个比较全的视频教程，但是在跟着学的过程中，明明跟视频里一样做的，但视频里没问题，你这边却各种bug出来，缺少一个给你答疑的地方，你根本没法走下去。</p><p>9. 你在学习的过程中还会遇到其他各种问题，可能你每次遇到问题都翻遍了整个百度、咨询了各种群里的小伙伴，但是一直没有得到解决办法，一直没有找到错误的根源。</p><p>10. 最后你不得不去找个培训班，但是高额的费用可能成为压垮你的最后一根稻草，你迷茫了，焦虑了，甚至怀疑自己是不是真的适合做计算机这一行，各种负面情绪充斥而来，无意中，你也慢慢进入了唱衰Java大军里的一员。</p><p><strong>到底是Java不行了，还是你自己没有真正找到一个靠谱且正确的学习之路或者学习圈子？</strong></p><p><strong></strong></p><p>虽然每年唱衰Java的人比比皆是，但是每年能找到自己满意的工作的小伙伴也比比皆是。其实问题很简单：<strong>Java既然门槛这么低，那你只要找到正确的学习之路，获取高质量的资源，有问题的时候总有人能给你讨论和答疑，是不是好像你就可以了，然后就是投入你的精力拼命的学习就行了</strong>。上面的所有痛点，好像也不是很难解决。</p><p>如果现在有人告诉你，有这么一个地方，除了能解决你上述所有痛点之外，还可以给你提供如下服务：</p><p>1. 几十个实战项目，让你跟学，提供完整教学视频、配套详细笔记文档。</p><p>2. 原来你从来没想过自己可以独立做一套程序出来，现在你可以在短时间内自己独立做来。</p><p>3. 原来你苦于简历上写不了一个完整的实战项目，现在你苦于项目太多，不知道写哪个。</p><p>4. 原来你困扰你很久的问题，翻遍整个百度都找不到答案的，现在有一千多位小伙伴和两位大佬一起帮你排查。</p><p>5. 2位大厂出身8年开发经验的大佬全天直播，现场带你开发项目。</p><p>你是不是觉得好像春天又来了，你是不是觉得这就是你一直苦苦寻找的高质量提升你编程技能的圈子。好像你原来的焦虑和顾虑通通打消了，你所差的就是 just do it ！</p><p><ne-clipboard></ne-clipboard></p><p>知识星球【<strong>项目训练营</strong>】应运时代的需要、解决计算机行业的社会现状而创建。解决以上所有痛点，并且提供以上所有服务，为这部分小伙伴的学习之路保驾护航。</p><p><img src=\"http://101.35.218.50:9092/files/1703728525121-%E4%BC%98%E6%83%A0%E5%88%B8.png\"/></p>', 'https://www.baidu.com');
INSERT INTO `information` VALUES (8, '6万字Java多线程学习笔记', 'http://localhost:9090/files/1704360682237-2.png', 20, '2024-01-04', '否', 2, '审核通过', '符合规范', '<p>为什么那么多学Java的人却找不到工作？所以有个很关键的问题：你的Java真的入门了吗？你的简历里面实战项目这一栏真的有东西写吗？可能这个问题会让很多小伙伴抓耳挠腮了。为什么会这样？</p><p><strong>以下所有痛点，总有一个能直击你的灵魂深处，产生共鸣</strong></p><p><strong></strong></p><p>1. Java确实门槛低，但是你学的只是基础知识或者简单的增删改查，当你觉得入门了并去找实习的时候，你发现自己所学的知识连实习或者工作的最低要求都没有达到。</p><p>2. 你掌握了在学校学的所有知识并且自己还做过深层次的钻研，但是当你去找实习或者工作的时候，你发现在学校所学的东西，好像在这个社会都已经消失了。<br/></p><p>3. 现在互联网上大部分学习资料都是偏基础的，稍微拔高点的东西（比如实战项目）都是不完整的，或者收费的，费用可能已经超出小伙伴的承受能力了。<br/></p><p>4. 即使你能在网上找到一套完整的开源项目，即使你能拿到源码，但是你可能连项目都启动不起来。<br/></p><p>5. 网上找的开源项目，即使你能启动的起来，可能它是个比较大的项目，里面涉及到的东西可能以你目前的知识储备，根本没法hold住它。<br/></p><p>6. 即使你找到了一个可运行的且技术栈也比较适合你的项目，但是你看不懂代码，你能做的仅仅是能启动运行，其他你一概不知。</p><p>7. 你可能在网上学了很多各种各样的知识碎片，确实也学会了，但是当你写简历的时候，你觉得项目经验这块却无从下手，因为你从来没有真正完整的做过一个项目。<br/></p><p>8. 即使你在网上找到了一个比较全的视频教程，但是在跟着学的过程中，明明跟视频里一样做的，但视频里没问题，你这边却各种bug出来，缺少一个给你答疑的地方，你根本没法走下去。</p><p>9. 你在学习的过程中还会遇到其他各种问题，可能你每次遇到问题都翻遍了整个百度、咨询了各种群里的小伙伴，但是一直没有得到解决办法，一直没有找到错误的根源。</p><p>10. 最后你不得不去找个培训班，但是高额的费用可能成为压垮你的最后一根稻草，你迷茫了，焦虑了，甚至怀疑自己是不是真的适合做计算机这一行，各种负面情绪充斥而来，无意中，你也慢慢进入了唱衰Java大军里的一员。</p><p><strong>到底是Java不行了，还是你自己没有真正找到一个靠谱且正确的学习之路或者学习圈子？</strong></p><p><strong></strong></p><p>虽然每年唱衰Java的人比比皆是，但是每年能找到自己满意的工作的小伙伴也比比皆是。其实问题很简单：<strong>Java既然门槛这么低，那你只要找到正确的学习之路，获取高质量的资源，有问题的时候总有人能给你讨论和答疑，是不是好像你就可以了，然后就是投入你的精力拼命的学习就行了</strong>。上面的所有痛点，好像也不是很难解决。</p><p>如果现在有人告诉你，有这么一个地方，除了能解决你上述所有痛点之外，还可以给你提供如下服务：</p><p>1. 几十个实战项目，让你跟学，提供完整教学视频、配套详细笔记文档。</p><p>2. 原来你从来没想过自己可以独立做一套程序出来，现在你可以在短时间内自己独立做来。</p><p>3. 原来你苦于简历上写不了一个完整的实战项目，现在你苦于项目太多，不知道写哪个。</p><p>4. 原来你困扰你很久的问题，翻遍整个百度都找不到答案的，现在有一千多位小伙伴和两位大佬一起帮你排查。</p><p>5. 2位大厂出身8年开发经验的大佬全天直播，现场带你开发项目。</p><p>你是不是觉得好像春天又来了，你是不是觉得这就是你一直苦苦寻找的高质量提升你编程技能的圈子。好像你原来的焦虑和顾虑通通打消了，你所差的就是 just do it ！</p><p><ne-clipboard></ne-clipboard></p><p>知识星球【<strong>项目训练营</strong>】应运时代的需要、解决计算机行业的社会现状而创建。解决以上所有痛点，并且提供以上所有服务，为这部分小伙伴的学习之路保驾护航。</p><p><img src=\"http://101.35.218.50:9092/files/1703728525121-%E4%BC%98%E6%83%A0%E5%88%B8.png\"/></p>', 'https://www.baidu.com');
INSERT INTO `information` VALUES (9, '电脑制图PS从零实战资料', 'http://localhost:9090/files/1704360713381-6.png', 20, '2024-01-04', '否', 2, '审核通过', '符合规范', '<p>为什么那么多学Java的人却找不到工作？所以有个很关键的问题：你的Java真的入门了吗？你的简历里面实战项目这一栏真的有东西写吗？可能这个问题会让很多小伙伴抓耳挠腮了。为什么会这样？</p><p><strong>以下所有痛点，总有一个能直击你的灵魂深处，产生共鸣</strong></p><p><strong></strong></p><p>1. Java确实门槛低，但是你学的只是基础知识或者简单的增删改查，当你觉得入门了并去找实习的时候，你发现自己所学的知识连实习或者工作的最低要求都没有达到。</p><p>2. 你掌握了在学校学的所有知识并且自己还做过深层次的钻研，但是当你去找实习或者工作的时候，你发现在学校所学的东西，好像在这个社会都已经消失了。<br/></p><p>3. 现在互联网上大部分学习资料都是偏基础的，稍微拔高点的东西（比如实战项目）都是不完整的，或者收费的，费用可能已经超出小伙伴的承受能力了。<br/></p><p>4. 即使你能在网上找到一套完整的开源项目，即使你能拿到源码，但是你可能连项目都启动不起来。<br/></p><p>5. 网上找的开源项目，即使你能启动的起来，可能它是个比较大的项目，里面涉及到的东西可能以你目前的知识储备，根本没法hold住它。<br/></p><p>6. 即使你找到了一个可运行的且技术栈也比较适合你的项目，但是你看不懂代码，你能做的仅仅是能启动运行，其他你一概不知。</p><p>7. 你可能在网上学了很多各种各样的知识碎片，确实也学会了，但是当你写简历的时候，你觉得项目经验这块却无从下手，因为你从来没有真正完整的做过一个项目。<br/></p><p>8. 即使你在网上找到了一个比较全的视频教程，但是在跟着学的过程中，明明跟视频里一样做的，但视频里没问题，你这边却各种bug出来，缺少一个给你答疑的地方，你根本没法走下去。</p><p>9. 你在学习的过程中还会遇到其他各种问题，可能你每次遇到问题都翻遍了整个百度、咨询了各种群里的小伙伴，但是一直没有得到解决办法，一直没有找到错误的根源。</p><p>10. 最后你不得不去找个培训班，但是高额的费用可能成为压垮你的最后一根稻草，你迷茫了，焦虑了，甚至怀疑自己是不是真的适合做计算机这一行，各种负面情绪充斥而来，无意中，你也慢慢进入了唱衰Java大军里的一员。</p><p><strong>到底是Java不行了，还是你自己没有真正找到一个靠谱且正确的学习之路或者学习圈子？</strong></p><p><strong></strong></p><p>虽然每年唱衰Java的人比比皆是，但是每年能找到自己满意的工作的小伙伴也比比皆是。其实问题很简单：<strong>Java既然门槛这么低，那你只要找到正确的学习之路，获取高质量的资源，有问题的时候总有人能给你讨论和答疑，是不是好像你就可以了，然后就是投入你的精力拼命的学习就行了</strong>。上面的所有痛点，好像也不是很难解决。</p><p>如果现在有人告诉你，有这么一个地方，除了能解决你上述所有痛点之外，还可以给你提供如下服务：</p><p>1. 几十个实战项目，让你跟学，提供完整教学视频、配套详细笔记文档。</p><p>2. 原来你从来没想过自己可以独立做一套程序出来，现在你可以在短时间内自己独立做来。</p><p>3. 原来你苦于简历上写不了一个完整的实战项目，现在你苦于项目太多，不知道写哪个。</p><p>4. 原来你困扰你很久的问题，翻遍整个百度都找不到答案的，现在有一千多位小伙伴和两位大佬一起帮你排查。</p><p>5. 2位大厂出身8年开发经验的大佬全天直播，现场带你开发项目。</p><p>你是不是觉得好像春天又来了，你是不是觉得这就是你一直苦苦寻找的高质量提升你编程技能的圈子。好像你原来的焦虑和顾虑通通打消了，你所差的就是 just do it ！</p><p><ne-clipboard></ne-clipboard></p><p>知识星球【<strong>项目训练营</strong>】应运时代的需要、解决计算机行业的社会现状而创建。解决以上所有痛点，并且提供以上所有服务，为这部分小伙伴的学习之路保驾护航。</p><p><img src=\"http://101.35.218.50:9092/files/1703728525121-%E4%BC%98%E6%83%A0%E5%88%B8.png\"/></p>', 'https://www.baidu.com');
INSERT INTO `information` VALUES (10, '300本优质在线小说分享', 'http://localhost:9090/files/1704360754251-9.png', 20, '2024-01-04', '是', 6, '审核通过', '符合规范', '<p>为什么那么多学Java的人却找不到工作？所以有个很关键的问题：你的Java真的入门了吗？你的简历里面实战项目这一栏真的有东西写吗？可能这个问题会让很多小伙伴抓耳挠腮了。为什么会这样？</p><p><strong>以下所有痛点，总有一个能直击你的灵魂深处，产生共鸣</strong></p><p><strong></strong></p><p>1. Java确实门槛低，但是你学的只是基础知识或者简单的增删改查，当你觉得入门了并去找实习的时候，你发现自己所学的知识连实习或者工作的最低要求都没有达到。</p><p>2. 你掌握了在学校学的所有知识并且自己还做过深层次的钻研，但是当你去找实习或者工作的时候，你发现在学校所学的东西，好像在这个社会都已经消失了。<br/></p><p>3. 现在互联网上大部分学习资料都是偏基础的，稍微拔高点的东西（比如实战项目）都是不完整的，或者收费的，费用可能已经超出小伙伴的承受能力了。<br/></p><p>4. 即使你能在网上找到一套完整的开源项目，即使你能拿到源码，但是你可能连项目都启动不起来。<br/></p><p>5. 网上找的开源项目，即使你能启动的起来，可能它是个比较大的项目，里面涉及到的东西可能以你目前的知识储备，根本没法hold住它。<br/></p><p>6. 即使你找到了一个可运行的且技术栈也比较适合你的项目，但是你看不懂代码，你能做的仅仅是能启动运行，其他你一概不知。</p><p>7. 你可能在网上学了很多各种各样的知识碎片，确实也学会了，但是当你写简历的时候，你觉得项目经验这块却无从下手，因为你从来没有真正完整的做过一个项目。<br/></p><p>8. 即使你在网上找到了一个比较全的视频教程，但是在跟着学的过程中，明明跟视频里一样做的，但视频里没问题，你这边却各种bug出来，缺少一个给你答疑的地方，你根本没法走下去。</p><p>9. 你在学习的过程中还会遇到其他各种问题，可能你每次遇到问题都翻遍了整个百度、咨询了各种群里的小伙伴，但是一直没有得到解决办法，一直没有找到错误的根源。</p><p>10. 最后你不得不去找个培训班，但是高额的费用可能成为压垮你的最后一根稻草，你迷茫了，焦虑了，甚至怀疑自己是不是真的适合做计算机这一行，各种负面情绪充斥而来，无意中，你也慢慢进入了唱衰Java大军里的一员。</p><p><strong>到底是Java不行了，还是你自己没有真正找到一个靠谱且正确的学习之路或者学习圈子？</strong></p><p><strong></strong></p><p>虽然每年唱衰Java的人比比皆是，但是每年能找到自己满意的工作的小伙伴也比比皆是。其实问题很简单：<strong>Java既然门槛这么低，那你只要找到正确的学习之路，获取高质量的资源，有问题的时候总有人能给你讨论和答疑，是不是好像你就可以了，然后就是投入你的精力拼命的学习就行了</strong>。上面的所有痛点，好像也不是很难解决。</p><p>如果现在有人告诉你，有这么一个地方，除了能解决你上述所有痛点之外，还可以给你提供如下服务：</p><p>1. 几十个实战项目，让你跟学，提供完整教学视频、配套详细笔记文档。</p><p>2. 原来你从来没想过自己可以独立做一套程序出来，现在你可以在短时间内自己独立做来。</p><p>3. 原来你苦于简历上写不了一个完整的实战项目，现在你苦于项目太多，不知道写哪个。</p><p>4. 原来你困扰你很久的问题，翻遍整个百度都找不到答案的，现在有一千多位小伙伴和两位大佬一起帮你排查。</p><p>5. 2位大厂出身8年开发经验的大佬全天直播，现场带你开发项目。</p><p>你是不是觉得好像春天又来了，你是不是觉得这就是你一直苦苦寻找的高质量提升你编程技能的圈子。好像你原来的焦虑和顾虑通通打消了，你所差的就是 just do it ！</p><p><ne-clipboard></ne-clipboard></p><p>知识星球【<strong>项目训练营</strong>】应运时代的需要、解决计算机行业的社会现状而创建。解决以上所有痛点，并且提供以上所有服务，为这部分小伙伴的学习之路保驾护航。</p><p><img src=\"http://101.35.218.50:9092/files/1703728525121-%E4%BC%98%E6%83%A0%E5%88%B8.png\"/></p>', 'https://www.baidu.com');

-- ----------------------------
-- Table structure for notice
-- ----------------------------
DROP TABLE IF EXISTS `notice`;
CREATE TABLE `notice`  (
  `id` int(11) NOT NULL AUTO_INCREMENT COMMENT 'ID',
  `title` varchar(255) CHARACTER SET utf8mb4 COLLATE utf8mb4_unicode_ci NULL DEFAULT NULL COMMENT '标题',
  `content` varchar(255) CHARACTER SET utf8mb4 COLLATE utf8mb4_unicode_ci NULL DEFAULT NULL COMMENT '内容',
  `time` varchar(255) CHARACTER SET utf8mb4 COLLATE utf8mb4_unicode_ci NULL DEFAULT NULL COMMENT '创建时间',
  `user` varchar(255) CHARACTER SET utf8mb4 COLLATE utf8mb4_unicode_ci NULL DEFAULT NULL COMMENT '创建人',
  PRIMARY KEY (`id`) USING BTREE
) ENGINE = InnoDB AUTO_INCREMENT = 3 CHARACTER SET = utf8mb4 COLLATE = utf8mb4_unicode_ci COMMENT = '公告信息表' ROW_FORMAT = DYNAMIC;

-- ----------------------------
-- Records of notice
-- ----------------------------
INSERT INTO `notice` VALUES (1, '今天系统正式上线，开始内测', '今天系统正式上线，开始内测', '2023-09-05', 'admin');
INSERT INTO `notice` VALUES (2, '所有功能都已完成，可以正常使用', '所有功能都已完成，可以正常使用', '2023-09-05', 'admin');
INSERT INTO `notice` VALUES (3, '今天天气很不错，可以出去一起玩了', '今天天气很不错，可以出去一起玩了', '2023-09-05', 'admin');

-- ----------------------------
-- Table structure for orders
-- ----------------------------
DROP TABLE IF EXISTS `orders`;
CREATE TABLE `orders`  (
  `id` int(10) NOT NULL AUTO_INCREMENT COMMENT '主键ID',
  `course_id` int(10) NULL DEFAULT NULL COMMENT '课程ID',
  `price` double(10, 2) NULL DEFAULT NULL COMMENT '订单价格',
  `order_id` varchar(255) CHARACTER SET utf8mb4 COLLATE utf8mb4_unicode_ci NULL DEFAULT NULL COMMENT '订单编号',
  `time` varchar(255) CHARACTER SET utf8mb4 COLLATE utf8mb4_unicode_ci NULL DEFAULT NULL COMMENT '下单时间',
  `user_id` int(10) NULL DEFAULT NULL COMMENT '下单用户',
  PRIMARY KEY (`id`) USING BTREE
) ENGINE = InnoDB AUTO_INCREMENT = 7 CHARACTER SET = utf8mb4 COLLATE = utf8mb4_unicode_ci COMMENT = '课程订单表' ROW_FORMAT = Dynamic;

-- ----------------------------
-- Records of orders
-- ----------------------------
INSERT INTO `orders` VALUES (2, 8, 100.00, '20240110151136', '2024-01-10 15:11:36', 2);
INSERT INTO `orders` VALUES (3, 8, 90.00, '20240110151332', '2024-01-10 15:13:32', 1);
INSERT INTO `orders` VALUES (4, 7, 18.00, '20240110153430', '2024-01-10 15:34:30', 1);
INSERT INTO `orders` VALUES (5, 6, 18.00, '20240110153529', '2024-01-10 15:35:29', 1);
INSERT INTO `orders` VALUES (6, 3, 40.00, '20240110153641', '2024-01-10 15:36:41', 1);
INSERT INTO `orders` VALUES (7, 10, 90.00, '20240110153655', '2024-01-10 15:36:55', 1);

-- ----------------------------
-- Table structure for score
-- ----------------------------
DROP TABLE IF EXISTS `score`;
CREATE TABLE `score`  (
  `id` int(10) NOT NULL AUTO_INCREMENT COMMENT '主键ID',
  `img` varchar(255) CHARACTER SET utf8mb4 COLLATE utf8mb4_unicode_ci NULL DEFAULT NULL COMMENT '课程封面',
  `name` varchar(255) CHARACTER SET utf8mb4 COLLATE utf8mb4_unicode_ci NULL DEFAULT NULL COMMENT '课程名称',
  `content` longtext CHARACTER SET utf8mb4 COLLATE utf8mb4_unicode_ci NULL COMMENT '课程介绍',
  `type` varchar(255) CHARACTER SET utf8mb4 COLLATE utf8mb4_unicode_ci NULL DEFAULT NULL COMMENT '课程类型',
  `price` int(10) NULL DEFAULT 0 COMMENT '课程积分',
  `video` varchar(255) CHARACTER SET utf8mb4 COLLATE utf8mb4_unicode_ci NULL DEFAULT NULL COMMENT '课程视频',
  `file` varchar(255) CHARACTER SET utf8mb4 COLLATE utf8mb4_unicode_ci NULL DEFAULT NULL COMMENT '资料链接',
  `recommend` varchar(255) CHARACTER SET utf8mb4 COLLATE utf8mb4_unicode_ci NULL DEFAULT '否' COMMENT '是否推荐',
  `time` varchar(255) CHARACTER SET utf8mb4 COLLATE utf8mb4_unicode_ci NULL DEFAULT NULL COMMENT '发布时间',
  PRIMARY KEY (`id`) USING BTREE
) ENGINE = InnoDB AUTO_INCREMENT = 11 CHARACTER SET = utf8mb4 COLLATE = utf8mb4_unicode_ci COMMENT = '积分专区表' ROW_FORMAT = Dynamic;

-- ----------------------------
-- Records of score
-- ----------------------------
INSERT INTO `score` VALUES (1, 'http://localhost:9090/files/1704264305020-Java基础入门课程.jpg', 'Springboot零基础小白学习教程', '<p>为什么那么多学Java的人却找不到工作？所以有个很关键的问题：你的Java真的入门了吗？你的简历里面实战项目这一栏真的有东西写吗？可能这个问题会让很多小伙伴抓耳挠腮了。为什么会这样？</p><p><strong>以下所有痛点，总有一个能直击你的灵魂深处，产生共鸣</strong></p><p><strong></strong></p><p>1. Java确实门槛低，但是你学的只是基础知识或者简单的增删改查，当你觉得入门了并去找实习的时候，你发现自己所学的知识连实习或者工作的最低要求都没有达到。</p><p>2. 你掌握了在学校学的所有知识并且自己还做过深层次的钻研，但是当你去找实习或者工作的时候，你发现在学校所学的东西，好像在这个社会都已经消失了。<br/></p><p>3. 现在互联网上大部分学习资料都是偏基础的，稍微拔高点的东西（比如实战项目）都是不完整的，或者收费的，费用可能已经超出小伙伴的承受能力了。<br/></p><p>4. 即使你能在网上找到一套完整的开源项目，即使你能拿到源码，但是你可能连项目都启动不起来。<br/></p><p>5. 网上找的开源项目，即使你能启动的起来，可能它是个比较大的项目，里面涉及到的东西可能以你目前的知识储备，根本没法hold住它。<br/></p><p>6. 即使你找到了一个可运行的且技术栈也比较适合你的项目，但是你看不懂代码，你能做的仅仅是能启动运行，其他你一概不知。</p><p>7. 你可能在网上学了很多各种各样的知识碎片，确实也学会了，但是当你写简历的时候，你觉得项目经验这块却无从下手，因为你从来没有真正完整的做过一个项目。<br/></p><p>8. 即使你在网上找到了一个比较全的视频教程，但是在跟着学的过程中，明明跟视频里一样做的，但视频里没问题，你这边却各种bug出来，缺少一个给你答疑的地方，你根本没法走下去。</p><p>9. 你在学习的过程中还会遇到其他各种问题，可能你每次遇到问题都翻遍了整个百度、咨询了各种群里的小伙伴，但是一直没有得到解决办法，一直没有找到错误的根源。</p><p>10. 最后你不得不去找个培训班，但是高额的费用可能成为压垮你的最后一根稻草，你迷茫了，焦虑了，甚至怀疑自己是不是真的适合做计算机这一行，各种负面情绪充斥而来，无意中，你也慢慢进入了唱衰Java大军里的一员。</p><p><strong>到底是Java不行了，还是你自己没有真正找到一个靠谱且正确的学习之路或者学习圈子？</strong></p><p><strong></strong></p><p>虽然每年唱衰Java的人比比皆是，但是每年能找到自己满意的工作的小伙伴也比比皆是。其实问题很简单：<strong>Java既然门槛这么低，那你只要找到正确的学习之路，获取高质量的资源，有问题的时候总有人能给你讨论和答疑，是不是好像你就可以了，然后就是投入你的精力拼命的学习就行了</strong>。上面的所有痛点，好像也不是很难解决。</p><p>如果现在有人告诉你，有这么一个地方，除了能解决你上述所有痛点之外，还可以给你提供如下服务：</p><p>1. 几十个实战项目，让你跟学，提供完整教学视频、配套详细笔记文档。</p><p>2. 原来你从来没想过自己可以独立做一套程序出来，现在你可以在短时间内自己独立做来。</p><p>3. 原来你苦于简历上写不了一个完整的实战项目，现在你苦于项目太多，不知道写哪个。</p><p>4. 原来你困扰你很久的问题，翻遍整个百度都找不到答案的，现在有一千多位小伙伴和两位大佬一起帮你排查。</p><p>5. 2位大厂出身8年开发经验的大佬全天直播，现场带你开发项目。</p><p>你是不是觉得好像春天又来了，你是不是觉得这就是你一直苦苦寻找的高质量提升你编程技能的圈子。好像你原来的焦虑和顾虑通通打消了，你所差的就是 just do it ！</p><p><ne-clipboard></ne-clipboard></p><p>知识星球【<strong>项目训练营</strong>】应运时代的需要、解决计算机行业的社会现状而创建。解决以上所有痛点，并且提供以上所有服务，为这部分小伙伴的学习之路保驾护航。</p><p><img src=\"http://101.35.218.50:9092/files/1703728525121-%E4%BC%98%E6%83%A0%E5%88%B8.png\"/></p>', 'VIDEO', 30, 'http://localhost:9090/files/1704264385595-人间失格.mp4', 'https://www.baidu.com', '否', '2024-01-03');
INSERT INTO `score` VALUES (3, 'http://localhost:9090/files/1704264523087-JavaWeb实战学习课程.jpeg', 'Java实战项目带你快速实现从0到1的跨越', '<p>为什么那么多学Java的人却找不到工作？所以有个很关键的问题：你的Java真的入门了吗？你的简历里面实战项目这一栏真的有东西写吗？可能这个问题会让很多小伙伴抓耳挠腮了。为什么会这样？</p><p><strong>以下所有痛点，总有一个能直击你的灵魂深处，产生共鸣</strong></p><p><strong></strong></p><p>1. Java确实门槛低，但是你学的只是基础知识或者简单的增删改查，当你觉得入门了并去找实习的时候，你发现自己所学的知识连实习或者工作的最低要求都没有达到。</p><p>2. 你掌握了在学校学的所有知识并且自己还做过深层次的钻研，但是当你去找实习或者工作的时候，你发现在学校所学的东西，好像在这个社会都已经消失了。<br/></p><p>3. 现在互联网上大部分学习资料都是偏基础的，稍微拔高点的东西（比如实战项目）都是不完整的，或者收费的，费用可能已经超出小伙伴的承受能力了。<br/></p><p>4. 即使你能在网上找到一套完整的开源项目，即使你能拿到源码，但是你可能连项目都启动不起来。<br/></p><p>5. 网上找的开源项目，即使你能启动的起来，可能它是个比较大的项目，里面涉及到的东西可能以你目前的知识储备，根本没法hold住它。<br/></p><p>6. 即使你找到了一个可运行的且技术栈也比较适合你的项目，但是你看不懂代码，你能做的仅仅是能启动运行，其他你一概不知。</p><p>7. 你可能在网上学了很多各种各样的知识碎片，确实也学会了，但是当你写简历的时候，你觉得项目经验这块却无从下手，因为你从来没有真正完整的做过一个项目。<br/></p><p>8. 即使你在网上找到了一个比较全的视频教程，但是在跟着学的过程中，明明跟视频里一样做的，但视频里没问题，你这边却各种bug出来，缺少一个给你答疑的地方，你根本没法走下去。</p><p>9. 你在学习的过程中还会遇到其他各种问题，可能你每次遇到问题都翻遍了整个百度、咨询了各种群里的小伙伴，但是一直没有得到解决办法，一直没有找到错误的根源。</p><p>10. 最后你不得不去找个培训班，但是高额的费用可能成为压垮你的最后一根稻草，你迷茫了，焦虑了，甚至怀疑自己是不是真的适合做计算机这一行，各种负面情绪充斥而来，无意中，你也慢慢进入了唱衰Java大军里的一员。</p><p><strong>到底是Java不行了，还是你自己没有真正找到一个靠谱且正确的学习之路或者学习圈子？</strong></p><p><strong></strong></p><p>虽然每年唱衰Java的人比比皆是，但是每年能找到自己满意的工作的小伙伴也比比皆是。其实问题很简单：<strong>Java既然门槛这么低，那你只要找到正确的学习之路，获取高质量的资源，有问题的时候总有人能给你讨论和答疑，是不是好像你就可以了，然后就是投入你的精力拼命的学习就行了</strong>。上面的所有痛点，好像也不是很难解决。</p><p>如果现在有人告诉你，有这么一个地方，除了能解决你上述所有痛点之外，还可以给你提供如下服务：</p><p>1. 几十个实战项目，让你跟学，提供完整教学视频、配套详细笔记文档。</p><p>2. 原来你从来没想过自己可以独立做一套程序出来，现在你可以在短时间内自己独立做来。</p><p>3. 原来你苦于简历上写不了一个完整的实战项目，现在你苦于项目太多，不知道写哪个。</p><p>4. 原来你困扰你很久的问题，翻遍整个百度都找不到答案的，现在有一千多位小伙伴和两位大佬一起帮你排查。</p><p>5. 2位大厂出身8年开发经验的大佬全天直播，现场带你开发项目。</p><p>你是不是觉得好像春天又来了，你是不是觉得这就是你一直苦苦寻找的高质量提升你编程技能的圈子。好像你原来的焦虑和顾虑通通打消了，你所差的就是 just do it ！</p><p><ne-clipboard></ne-clipboard></p><p>知识星球【<strong>项目训练营</strong>】应运时代的需要、解决计算机行业的社会现状而创建。解决以上所有痛点，并且提供以上所有服务，为这部分小伙伴的学习之路保驾护航。</p><p><img src=\"http://101.35.218.50:9092/files/1703728525121-%E4%BC%98%E6%83%A0%E5%88%B8.png\"/></p>', 'TEXT', 20, NULL, 'https://www.baidu.com', '否', '2024-01-03');
INSERT INTO `score` VALUES (4, 'http://localhost:9090/files/1704264567376-Springboot+Vue分布式实战.jpg', 'Springboot+vue的实战项目', '<p>为什么那么多学Java的人却找不到工作？所以有个很关键的问题：你的Java真的入门了吗？你的简历里面实战项目这一栏真的有东西写吗？可能这个问题会让很多小伙伴抓耳挠腮了。为什么会这样？</p><p><strong>以下所有痛点，总有一个能直击你的灵魂深处，产生共鸣</strong></p><p><strong></strong></p><p>1. Java确实门槛低，但是你学的只是基础知识或者简单的增删改查，当你觉得入门了并去找实习的时候，你发现自己所学的知识连实习或者工作的最低要求都没有达到。</p><p>2. 你掌握了在学校学的所有知识并且自己还做过深层次的钻研，但是当你去找实习或者工作的时候，你发现在学校所学的东西，好像在这个社会都已经消失了。<br/></p><p>3. 现在互联网上大部分学习资料都是偏基础的，稍微拔高点的东西（比如实战项目）都是不完整的，或者收费的，费用可能已经超出小伙伴的承受能力了。<br/></p><p>4. 即使你能在网上找到一套完整的开源项目，即使你能拿到源码，但是你可能连项目都启动不起来。<br/></p><p>5. 网上找的开源项目，即使你能启动的起来，可能它是个比较大的项目，里面涉及到的东西可能以你目前的知识储备，根本没法hold住它。<br/></p><p>6. 即使你找到了一个可运行的且技术栈也比较适合你的项目，但是你看不懂代码，你能做的仅仅是能启动运行，其他你一概不知。</p><p>7. 你可能在网上学了很多各种各样的知识碎片，确实也学会了，但是当你写简历的时候，你觉得项目经验这块却无从下手，因为你从来没有真正完整的做过一个项目。<br/></p><p>8. 即使你在网上找到了一个比较全的视频教程，但是在跟着学的过程中，明明跟视频里一样做的，但视频里没问题，你这边却各种bug出来，缺少一个给你答疑的地方，你根本没法走下去。</p><p>9. 你在学习的过程中还会遇到其他各种问题，可能你每次遇到问题都翻遍了整个百度、咨询了各种群里的小伙伴，但是一直没有得到解决办法，一直没有找到错误的根源。</p><p>10. 最后你不得不去找个培训班，但是高额的费用可能成为压垮你的最后一根稻草，你迷茫了，焦虑了，甚至怀疑自己是不是真的适合做计算机这一行，各种负面情绪充斥而来，无意中，你也慢慢进入了唱衰Java大军里的一员。</p><p><strong>到底是Java不行了，还是你自己没有真正找到一个靠谱且正确的学习之路或者学习圈子？</strong></p><p><strong></strong></p><p>虽然每年唱衰Java的人比比皆是，但是每年能找到自己满意的工作的小伙伴也比比皆是。其实问题很简单：<strong>Java既然门槛这么低，那你只要找到正确的学习之路，获取高质量的资源，有问题的时候总有人能给你讨论和答疑，是不是好像你就可以了，然后就是投入你的精力拼命的学习就行了</strong>。上面的所有痛点，好像也不是很难解决。</p><p>如果现在有人告诉你，有这么一个地方，除了能解决你上述所有痛点之外，还可以给你提供如下服务：</p><p>1. 几十个实战项目，让你跟学，提供完整教学视频、配套详细笔记文档。</p><p>2. 原来你从来没想过自己可以独立做一套程序出来，现在你可以在短时间内自己独立做来。</p><p>3. 原来你苦于简历上写不了一个完整的实战项目，现在你苦于项目太多，不知道写哪个。</p><p>4. 原来你困扰你很久的问题，翻遍整个百度都找不到答案的，现在有一千多位小伙伴和两位大佬一起帮你排查。</p><p>5. 2位大厂出身8年开发经验的大佬全天直播，现场带你开发项目。</p><p>你是不是觉得好像春天又来了，你是不是觉得这就是你一直苦苦寻找的高质量提升你编程技能的圈子。好像你原来的焦虑和顾虑通通打消了，你所差的就是 just do it ！</p><p><ne-clipboard></ne-clipboard></p><p>知识星球【<strong>项目训练营</strong>】应运时代的需要、解决计算机行业的社会现状而创建。解决以上所有痛点，并且提供以上所有服务，为这部分小伙伴的学习之路保驾护航。</p><p><img src=\"http://101.35.218.50:9092/files/1703728525121-%E4%BC%98%E6%83%A0%E5%88%B8.png\"/></p>', 'TEXT', 50, NULL, 'https://www.baidu.com', '否', '2024-01-03');
INSERT INTO `score` VALUES (5, 'http://localhost:9090/files/1704264611155-Vue最新教程.jpg', 'Vue的最新教程', '<p>为什么那么多学Java的人却找不到工作？所以有个很关键的问题：你的Java真的入门了吗？你的简历里面实战项目这一栏真的有东西写吗？可能这个问题会让很多小伙伴抓耳挠腮了。为什么会这样？</p><p><strong>以下所有痛点，总有一个能直击你的灵魂深处，产生共鸣</strong></p><p><strong></strong></p><p>1. Java确实门槛低，但是你学的只是基础知识或者简单的增删改查，当你觉得入门了并去找实习的时候，你发现自己所学的知识连实习或者工作的最低要求都没有达到。</p><p>2. 你掌握了在学校学的所有知识并且自己还做过深层次的钻研，但是当你去找实习或者工作的时候，你发现在学校所学的东西，好像在这个社会都已经消失了。<br/></p><p>3. 现在互联网上大部分学习资料都是偏基础的，稍微拔高点的东西（比如实战项目）都是不完整的，或者收费的，费用可能已经超出小伙伴的承受能力了。<br/></p><p>4. 即使你能在网上找到一套完整的开源项目，即使你能拿到源码，但是你可能连项目都启动不起来。<br/></p><p>5. 网上找的开源项目，即使你能启动的起来，可能它是个比较大的项目，里面涉及到的东西可能以你目前的知识储备，根本没法hold住它。<br/></p><p>6. 即使你找到了一个可运行的且技术栈也比较适合你的项目，但是你看不懂代码，你能做的仅仅是能启动运行，其他你一概不知。</p><p>7. 你可能在网上学了很多各种各样的知识碎片，确实也学会了，但是当你写简历的时候，你觉得项目经验这块却无从下手，因为你从来没有真正完整的做过一个项目。<br/></p><p>8. 即使你在网上找到了一个比较全的视频教程，但是在跟着学的过程中，明明跟视频里一样做的，但视频里没问题，你这边却各种bug出来，缺少一个给你答疑的地方，你根本没法走下去。</p><p>9. 你在学习的过程中还会遇到其他各种问题，可能你每次遇到问题都翻遍了整个百度、咨询了各种群里的小伙伴，但是一直没有得到解决办法，一直没有找到错误的根源。</p><p>10. 最后你不得不去找个培训班，但是高额的费用可能成为压垮你的最后一根稻草，你迷茫了，焦虑了，甚至怀疑自己是不是真的适合做计算机这一行，各种负面情绪充斥而来，无意中，你也慢慢进入了唱衰Java大军里的一员。</p><p><strong>到底是Java不行了，还是你自己没有真正找到一个靠谱且正确的学习之路或者学习圈子？</strong></p><p><strong></strong></p><p>虽然每年唱衰Java的人比比皆是，但是每年能找到自己满意的工作的小伙伴也比比皆是。其实问题很简单：<strong>Java既然门槛这么低，那你只要找到正确的学习之路，获取高质量的资源，有问题的时候总有人能给你讨论和答疑，是不是好像你就可以了，然后就是投入你的精力拼命的学习就行了</strong>。上面的所有痛点，好像也不是很难解决。</p><p>如果现在有人告诉你，有这么一个地方，除了能解决你上述所有痛点之外，还可以给你提供如下服务：</p><p>1. 几十个实战项目，让你跟学，提供完整教学视频、配套详细笔记文档。</p><p>2. 原来你从来没想过自己可以独立做一套程序出来，现在你可以在短时间内自己独立做来。</p><p>3. 原来你苦于简历上写不了一个完整的实战项目，现在你苦于项目太多，不知道写哪个。</p><p>4. 原来你困扰你很久的问题，翻遍整个百度都找不到答案的，现在有一千多位小伙伴和两位大佬一起帮你排查。</p><p>5. 2位大厂出身8年开发经验的大佬全天直播，现场带你开发项目。</p><p>你是不是觉得好像春天又来了，你是不是觉得这就是你一直苦苦寻找的高质量提升你编程技能的圈子。好像你原来的焦虑和顾虑通通打消了，你所差的就是 just do it ！</p><p><ne-clipboard></ne-clipboard></p><p>知识星球【<strong>项目训练营</strong>】应运时代的需要、解决计算机行业的社会现状而创建。解决以上所有痛点，并且提供以上所有服务，为这部分小伙伴的学习之路保驾护航。</p><p><img src=\"http://101.35.218.50:9092/files/1703728525121-%E4%BC%98%E6%83%A0%E5%88%B8.png\"/></p>', 'TEXT', 20, NULL, 'https://www.baidu.com', '否', '2024-01-03');
INSERT INTO `score` VALUES (6, 'http://localhost:9090/files/1704264656611-Java入学课程.jpg', 'Java从入门到实战课程', '<p>为什么那么多学Java的人却找不到工作？所以有个很关键的问题：你的Java真的入门了吗？你的简历里面实战项目这一栏真的有东西写吗？可能这个问题会让很多小伙伴抓耳挠腮了。为什么会这样？</p><p><strong>以下所有痛点，总有一个能直击你的灵魂深处，产生共鸣</strong></p><p><strong></strong></p><p>1. Java确实门槛低，但是你学的只是基础知识或者简单的增删改查，当你觉得入门了并去找实习的时候，你发现自己所学的知识连实习或者工作的最低要求都没有达到。</p><p>2. 你掌握了在学校学的所有知识并且自己还做过深层次的钻研，但是当你去找实习或者工作的时候，你发现在学校所学的东西，好像在这个社会都已经消失了。<br/></p><p>3. 现在互联网上大部分学习资料都是偏基础的，稍微拔高点的东西（比如实战项目）都是不完整的，或者收费的，费用可能已经超出小伙伴的承受能力了。<br/></p><p>4. 即使你能在网上找到一套完整的开源项目，即使你能拿到源码，但是你可能连项目都启动不起来。<br/></p><p>5. 网上找的开源项目，即使你能启动的起来，可能它是个比较大的项目，里面涉及到的东西可能以你目前的知识储备，根本没法hold住它。<br/></p><p>6. 即使你找到了一个可运行的且技术栈也比较适合你的项目，但是你看不懂代码，你能做的仅仅是能启动运行，其他你一概不知。</p><p>7. 你可能在网上学了很多各种各样的知识碎片，确实也学会了，但是当你写简历的时候，你觉得项目经验这块却无从下手，因为你从来没有真正完整的做过一个项目。<br/></p><p>8. 即使你在网上找到了一个比较全的视频教程，但是在跟着学的过程中，明明跟视频里一样做的，但视频里没问题，你这边却各种bug出来，缺少一个给你答疑的地方，你根本没法走下去。</p><p>9. 你在学习的过程中还会遇到其他各种问题，可能你每次遇到问题都翻遍了整个百度、咨询了各种群里的小伙伴，但是一直没有得到解决办法，一直没有找到错误的根源。</p><p>10. 最后你不得不去找个培训班，但是高额的费用可能成为压垮你的最后一根稻草，你迷茫了，焦虑了，甚至怀疑自己是不是真的适合做计算机这一行，各种负面情绪充斥而来，无意中，你也慢慢进入了唱衰Java大军里的一员。</p><p><strong>到底是Java不行了，还是你自己没有真正找到一个靠谱且正确的学习之路或者学习圈子？</strong></p><p><strong></strong></p><p>虽然每年唱衰Java的人比比皆是，但是每年能找到自己满意的工作的小伙伴也比比皆是。其实问题很简单：<strong>Java既然门槛这么低，那你只要找到正确的学习之路，获取高质量的资源，有问题的时候总有人能给你讨论和答疑，是不是好像你就可以了，然后就是投入你的精力拼命的学习就行了</strong>。上面的所有痛点，好像也不是很难解决。</p><p>如果现在有人告诉你，有这么一个地方，除了能解决你上述所有痛点之外，还可以给你提供如下服务：</p><p>1. 几十个实战项目，让你跟学，提供完整教学视频、配套详细笔记文档。</p><p>2. 原来你从来没想过自己可以独立做一套程序出来，现在你可以在短时间内自己独立做来。</p><p>3. 原来你苦于简历上写不了一个完整的实战项目，现在你苦于项目太多，不知道写哪个。</p><p>4. 原来你困扰你很久的问题，翻遍整个百度都找不到答案的，现在有一千多位小伙伴和两位大佬一起帮你排查。</p><p>5. 2位大厂出身8年开发经验的大佬全天直播，现场带你开发项目。</p><p>你是不是觉得好像春天又来了，你是不是觉得这就是你一直苦苦寻找的高质量提升你编程技能的圈子。好像你原来的焦虑和顾虑通通打消了，你所差的就是 just do it ！</p><p><ne-clipboard></ne-clipboard></p><p>知识星球【<strong>项目训练营</strong>】应运时代的需要、解决计算机行业的社会现状而创建。解决以上所有痛点，并且提供以上所有服务，为这部分小伙伴的学习之路保驾护航。</p><p><img src=\"http://101.35.218.50:9092/files/1703728525121-%E4%BC%98%E6%83%A0%E5%88%B8.png\"/></p>', 'TEXT', 30, NULL, 'https://www.baidu.com', '否', '2024-01-03');
INSERT INTO `score` VALUES (7, 'http://localhost:9090/files/1704264669921-Vue全套教程.jpg', 'Vue项目实战视频教程', '<p>为什么那么多学Java的人却找不到工作？所以有个很关键的问题：你的Java真的入门了吗？你的简历里面实战项目这一栏真的有东西写吗？可能这个问题会让很多小伙伴抓耳挠腮了。为什么会这样？</p><p><strong>以下所有痛点，总有一个能直击你的灵魂深处，产生共鸣</strong></p><p><strong></strong></p><p>1. Java确实门槛低，但是你学的只是基础知识或者简单的增删改查，当你觉得入门了并去找实习的时候，你发现自己所学的知识连实习或者工作的最低要求都没有达到。</p><p>2. 你掌握了在学校学的所有知识并且自己还做过深层次的钻研，但是当你去找实习或者工作的时候，你发现在学校所学的东西，好像在这个社会都已经消失了。<br/></p><p>3. 现在互联网上大部分学习资料都是偏基础的，稍微拔高点的东西（比如实战项目）都是不完整的，或者收费的，费用可能已经超出小伙伴的承受能力了。<br/></p><p>4. 即使你能在网上找到一套完整的开源项目，即使你能拿到源码，但是你可能连项目都启动不起来。<br/></p><p>5. 网上找的开源项目，即使你能启动的起来，可能它是个比较大的项目，里面涉及到的东西可能以你目前的知识储备，根本没法hold住它。<br/></p><p>6. 即使你找到了一个可运行的且技术栈也比较适合你的项目，但是你看不懂代码，你能做的仅仅是能启动运行，其他你一概不知。</p><p>7. 你可能在网上学了很多各种各样的知识碎片，确实也学会了，但是当你写简历的时候，你觉得项目经验这块却无从下手，因为你从来没有真正完整的做过一个项目。<br/></p><p>8. 即使你在网上找到了一个比较全的视频教程，但是在跟着学的过程中，明明跟视频里一样做的，但视频里没问题，你这边却各种bug出来，缺少一个给你答疑的地方，你根本没法走下去。</p><p>9. 你在学习的过程中还会遇到其他各种问题，可能你每次遇到问题都翻遍了整个百度、咨询了各种群里的小伙伴，但是一直没有得到解决办法，一直没有找到错误的根源。</p><p>10. 最后你不得不去找个培训班，但是高额的费用可能成为压垮你的最后一根稻草，你迷茫了，焦虑了，甚至怀疑自己是不是真的适合做计算机这一行，各种负面情绪充斥而来，无意中，你也慢慢进入了唱衰Java大军里的一员。</p><p><strong>到底是Java不行了，还是你自己没有真正找到一个靠谱且正确的学习之路或者学习圈子？</strong></p><p><strong></strong></p><p>虽然每年唱衰Java的人比比皆是，但是每年能找到自己满意的工作的小伙伴也比比皆是。其实问题很简单：<strong>Java既然门槛这么低，那你只要找到正确的学习之路，获取高质量的资源，有问题的时候总有人能给你讨论和答疑，是不是好像你就可以了，然后就是投入你的精力拼命的学习就行了</strong>。上面的所有痛点，好像也不是很难解决。</p><p>如果现在有人告诉你，有这么一个地方，除了能解决你上述所有痛点之外，还可以给你提供如下服务：</p><p>1. 几十个实战项目，让你跟学，提供完整教学视频、配套详细笔记文档。</p><p>2. 原来你从来没想过自己可以独立做一套程序出来，现在你可以在短时间内自己独立做来。</p><p>3. 原来你苦于简历上写不了一个完整的实战项目，现在你苦于项目太多，不知道写哪个。</p><p>4. 原来你困扰你很久的问题，翻遍整个百度都找不到答案的，现在有一千多位小伙伴和两位大佬一起帮你排查。</p><p>5. 2位大厂出身8年开发经验的大佬全天直播，现场带你开发项目。</p><p>你是不是觉得好像春天又来了，你是不是觉得这就是你一直苦苦寻找的高质量提升你编程技能的圈子。好像你原来的焦虑和顾虑通通打消了，你所差的就是 just do it ！</p><p><ne-clipboard></ne-clipboard></p><p>知识星球【<strong>项目训练营</strong>】应运时代的需要、解决计算机行业的社会现状而创建。解决以上所有痛点，并且提供以上所有服务，为这部分小伙伴的学习之路保驾护航。</p><p><img src=\"http://101.35.218.50:9092/files/1703728525121-%E4%BC%98%E6%83%A0%E5%88%B8.png\"/></p>', 'TEXT', 30, NULL, 'https://www.baidu.com', '否', '2024-01-03');
INSERT INTO `score` VALUES (8, 'http://localhost:9090/files/1704264702674-Vue进阶项目实战.jpg', 'Vue实战项目教程', '<p>为什么那么多学Java的人却找不到工作？所以有个很关键的问题：你的Java真的入门了吗？你的简历里面实战项目这一栏真的有东西写吗？可能这个问题会让很多小伙伴抓耳挠腮了。为什么会这样？</p><p><strong>以下所有痛点，总有一个能直击你的灵魂深处，产生共鸣</strong></p><p><strong></strong></p><p>1. Java确实门槛低，但是你学的只是基础知识或者简单的增删改查，当你觉得入门了并去找实习的时候，你发现自己所学的知识连实习或者工作的最低要求都没有达到。</p><p>2. 你掌握了在学校学的所有知识并且自己还做过深层次的钻研，但是当你去找实习或者工作的时候，你发现在学校所学的东西，好像在这个社会都已经消失了。<br/></p><p>3. 现在互联网上大部分学习资料都是偏基础的，稍微拔高点的东西（比如实战项目）都是不完整的，或者收费的，费用可能已经超出小伙伴的承受能力了。<br/></p><p>4. 即使你能在网上找到一套完整的开源项目，即使你能拿到源码，但是你可能连项目都启动不起来。<br/></p><p>5. 网上找的开源项目，即使你能启动的起来，可能它是个比较大的项目，里面涉及到的东西可能以你目前的知识储备，根本没法hold住它。<br/></p><p>6. 即使你找到了一个可运行的且技术栈也比较适合你的项目，但是你看不懂代码，你能做的仅仅是能启动运行，其他你一概不知。</p><p>7. 你可能在网上学了很多各种各样的知识碎片，确实也学会了，但是当你写简历的时候，你觉得项目经验这块却无从下手，因为你从来没有真正完整的做过一个项目。<br/></p><p>8. 即使你在网上找到了一个比较全的视频教程，但是在跟着学的过程中，明明跟视频里一样做的，但视频里没问题，你这边却各种bug出来，缺少一个给你答疑的地方，你根本没法走下去。</p><p>9. 你在学习的过程中还会遇到其他各种问题，可能你每次遇到问题都翻遍了整个百度、咨询了各种群里的小伙伴，但是一直没有得到解决办法，一直没有找到错误的根源。</p><p>10. 最后你不得不去找个培训班，但是高额的费用可能成为压垮你的最后一根稻草，你迷茫了，焦虑了，甚至怀疑自己是不是真的适合做计算机这一行，各种负面情绪充斥而来，无意中，你也慢慢进入了唱衰Java大军里的一员。</p><p><strong>到底是Java不行了，还是你自己没有真正找到一个靠谱且正确的学习之路或者学习圈子？</strong></p><p><strong></strong></p><p>虽然每年唱衰Java的人比比皆是，但是每年能找到自己满意的工作的小伙伴也比比皆是。其实问题很简单：<strong>Java既然门槛这么低，那你只要找到正确的学习之路，获取高质量的资源，有问题的时候总有人能给你讨论和答疑，是不是好像你就可以了，然后就是投入你的精力拼命的学习就行了</strong>。上面的所有痛点，好像也不是很难解决。</p><p>如果现在有人告诉你，有这么一个地方，除了能解决你上述所有痛点之外，还可以给你提供如下服务：</p><p>1. 几十个实战项目，让你跟学，提供完整教学视频、配套详细笔记文档。</p><p>2. 原来你从来没想过自己可以独立做一套程序出来，现在你可以在短时间内自己独立做来。</p><p>3. 原来你苦于简历上写不了一个完整的实战项目，现在你苦于项目太多，不知道写哪个。</p><p>4. 原来你困扰你很久的问题，翻遍整个百度都找不到答案的，现在有一千多位小伙伴和两位大佬一起帮你排查。</p><p>5. 2位大厂出身8年开发经验的大佬全天直播，现场带你开发项目。</p><p>你是不是觉得好像春天又来了，你是不是觉得这就是你一直苦苦寻找的高质量提升你编程技能的圈子。好像你原来的焦虑和顾虑通通打消了，你所差的就是 just do it ！</p><p><ne-clipboard></ne-clipboard></p><p>知识星球【<strong>项目训练营</strong>】应运时代的需要、解决计算机行业的社会现状而创建。解决以上所有痛点，并且提供以上所有服务，为这部分小伙伴的学习之路保驾护航。</p><p><img src=\"http://101.35.218.50:9092/files/1703728525121-%E4%BC%98%E6%83%A0%E5%88%B8.png\"/></p>', 'TEXT', 20, NULL, 'https://www.baidu.com', '否', '2024-01-03');
INSERT INTO `score` VALUES (9, 'http://localhost:9090/files/1704264739918-Java进阶开发课程.jpg', 'Java实战项目进阶课程', '<p>为什么那么多学Java的人却找不到工作？所以有个很关键的问题：你的Java真的入门了吗？你的简历里面实战项目这一栏真的有东西写吗？可能这个问题会让很多小伙伴抓耳挠腮了。为什么会这样？</p><p><strong>以下所有痛点，总有一个能直击你的灵魂深处，产生共鸣</strong></p><p><strong></strong></p><p>1. Java确实门槛低，但是你学的只是基础知识或者简单的增删改查，当你觉得入门了并去找实习的时候，你发现自己所学的知识连实习或者工作的最低要求都没有达到。</p><p>2. 你掌握了在学校学的所有知识并且自己还做过深层次的钻研，但是当你去找实习或者工作的时候，你发现在学校所学的东西，好像在这个社会都已经消失了。<br/></p><p>3. 现在互联网上大部分学习资料都是偏基础的，稍微拔高点的东西（比如实战项目）都是不完整的，或者收费的，费用可能已经超出小伙伴的承受能力了。<br/></p><p>4. 即使你能在网上找到一套完整的开源项目，即使你能拿到源码，但是你可能连项目都启动不起来。<br/></p><p>5. 网上找的开源项目，即使你能启动的起来，可能它是个比较大的项目，里面涉及到的东西可能以你目前的知识储备，根本没法hold住它。<br/></p><p>6. 即使你找到了一个可运行的且技术栈也比较适合你的项目，但是你看不懂代码，你能做的仅仅是能启动运行，其他你一概不知。</p><p>7. 你可能在网上学了很多各种各样的知识碎片，确实也学会了，但是当你写简历的时候，你觉得项目经验这块却无从下手，因为你从来没有真正完整的做过一个项目。<br/></p><p>8. 即使你在网上找到了一个比较全的视频教程，但是在跟着学的过程中，明明跟视频里一样做的，但视频里没问题，你这边却各种bug出来，缺少一个给你答疑的地方，你根本没法走下去。</p><p>9. 你在学习的过程中还会遇到其他各种问题，可能你每次遇到问题都翻遍了整个百度、咨询了各种群里的小伙伴，但是一直没有得到解决办法，一直没有找到错误的根源。</p><p>10. 最后你不得不去找个培训班，但是高额的费用可能成为压垮你的最后一根稻草，你迷茫了，焦虑了，甚至怀疑自己是不是真的适合做计算机这一行，各种负面情绪充斥而来，无意中，你也慢慢进入了唱衰Java大军里的一员。</p><p><strong>到底是Java不行了，还是你自己没有真正找到一个靠谱且正确的学习之路或者学习圈子？</strong></p><p><strong></strong></p><p>虽然每年唱衰Java的人比比皆是，但是每年能找到自己满意的工作的小伙伴也比比皆是。其实问题很简单：<strong>Java既然门槛这么低，那你只要找到正确的学习之路，获取高质量的资源，有问题的时候总有人能给你讨论和答疑，是不是好像你就可以了，然后就是投入你的精力拼命的学习就行了</strong>。上面的所有痛点，好像也不是很难解决。</p><p>如果现在有人告诉你，有这么一个地方，除了能解决你上述所有痛点之外，还可以给你提供如下服务：</p><p>1. 几十个实战项目，让你跟学，提供完整教学视频、配套详细笔记文档。</p><p>2. 原来你从来没想过自己可以独立做一套程序出来，现在你可以在短时间内自己独立做来。</p><p>3. 原来你苦于简历上写不了一个完整的实战项目，现在你苦于项目太多，不知道写哪个。</p><p>4. 原来你困扰你很久的问题，翻遍整个百度都找不到答案的，现在有一千多位小伙伴和两位大佬一起帮你排查。</p><p>5. 2位大厂出身8年开发经验的大佬全天直播，现场带你开发项目。</p><p>你是不是觉得好像春天又来了，你是不是觉得这就是你一直苦苦寻找的高质量提升你编程技能的圈子。好像你原来的焦虑和顾虑通通打消了，你所差的就是 just do it ！</p><p><ne-clipboard></ne-clipboard></p><p>知识星球【<strong>项目训练营</strong>】应运时代的需要、解决计算机行业的社会现状而创建。解决以上所有痛点，并且提供以上所有服务，为这部分小伙伴的学习之路保驾护航。</p><p><img src=\"http://101.35.218.50:9092/files/1703728525121-%E4%BC%98%E6%83%A0%E5%88%B8.png\"/></p>', 'TEXT', 30, NULL, 'https://www.baidu.com', '是', '2024-01-03');

-- ----------------------------
-- Table structure for scoreorder
-- ----------------------------
DROP TABLE IF EXISTS `scoreorder`;
CREATE TABLE `scoreorder`  (
  `id` int(10) NOT NULL AUTO_INCREMENT COMMENT '主键ID',
  `score_id` int(10) NULL DEFAULT NULL COMMENT '积分课程ID',
  `score` int(10) NULL DEFAULT NULL COMMENT '所需积分',
  `order_id` varchar(255) CHARACTER SET utf8mb4 COLLATE utf8mb4_unicode_ci NULL DEFAULT NULL COMMENT '订单编号',
  `time` varchar(255) CHARACTER SET utf8mb4 COLLATE utf8mb4_unicode_ci NULL DEFAULT NULL COMMENT '兑换时间',
  `user_id` int(10) NULL DEFAULT NULL COMMENT '兑换用户',
  PRIMARY KEY (`id`) USING BTREE
) ENGINE = InnoDB AUTO_INCREMENT = 3 CHARACTER SET = utf8mb4 COLLATE = utf8mb4_unicode_ci COMMENT = '积分专区表' ROW_FORMAT = Dynamic;

-- ----------------------------
-- Records of scoreorder
-- ----------------------------
INSERT INTO `scoreorder` VALUES (1, 9, 30, '20240111150746', '2024-01-11 15:07:46', 1);
INSERT INTO `scoreorder` VALUES (2, 8, 20, '20240111151507', '2024-01-11 15:15:07', 1);
INSERT INTO `scoreorder` VALUES (3, 7, 30, '20240111151543', '2024-01-11 15:15:43', 1);

-- ----------------------------
-- Table structure for signin
-- ----------------------------
DROP TABLE IF EXISTS `signin`;
CREATE TABLE `signin`  (
  `id` int(10) NOT NULL AUTO_INCREMENT COMMENT '主键ID',
  `user_id` int(10) NULL DEFAULT NULL COMMENT '用户ID',
  `time` varchar(255) CHARACTER SET utf8mb4 COLLATE utf8mb4_unicode_ci NULL DEFAULT NULL COMMENT '签到时间',
  `day` varchar(255) CHARACTER SET utf8mb4 COLLATE utf8mb4_unicode_ci NULL DEFAULT NULL COMMENT '当天年月日',
  PRIMARY KEY (`id`) USING BTREE
) ENGINE = InnoDB AUTO_INCREMENT = 17 CHARACTER SET = utf8mb4 COLLATE = utf8mb4_unicode_ci COMMENT = '签到信息表' ROW_FORMAT = Dynamic;

-- ----------------------------
-- Records of signin
-- ----------------------------
INSERT INTO `signin` VALUES (16, 1, '2024-01-11 15:16:00', '2024-01-11');
INSERT INTO `signin` VALUES (17, 2, '2024-01-08 23:24:49', '2024-01-08');

-- ----------------------------
-- Table structure for user
-- ----------------------------
DROP TABLE IF EXISTS `user`;
CREATE TABLE `user`  (
  `id` int(10) NOT NULL AUTO_INCREMENT COMMENT '主键ID',
  `username` varchar(255) CHARACTER SET utf8mb4 COLLATE utf8mb4_unicode_ci NULL DEFAULT NULL COMMENT '用户名',
  `password` varchar(255) CHARACTER SET utf8mb4 COLLATE utf8mb4_unicode_ci NULL DEFAULT NULL COMMENT '密码',
  `name` varchar(255) CHARACTER SET utf8mb4 COLLATE utf8mb4_unicode_ci NULL DEFAULT NULL COMMENT '姓名',
  `avatar` varchar(255) CHARACTER SET utf8mb4 COLLATE utf8mb4_unicode_ci NULL DEFAULT NULL COMMENT '头像',
  `role` varchar(255) CHARACTER SET utf8mb4 COLLATE utf8mb4_unicode_ci NULL DEFAULT NULL COMMENT '角色',
  `phone` varchar(255) CHARACTER SET utf8mb4 COLLATE utf8mb4_unicode_ci NULL DEFAULT NULL COMMENT '电话',
  `email` varchar(255) CHARACTER SET utf8mb4 COLLATE utf8mb4_unicode_ci NULL DEFAULT NULL COMMENT '邮箱',
  `member` varchar(255) CHARACTER SET utf8mb4 COLLATE utf8mb4_unicode_ci NULL DEFAULT NULL COMMENT '会员',
  `score` int(10) NULL DEFAULT 0 COMMENT '积分',
  `account` double(10, 2) NULL DEFAULT 0.00 COMMENT '余额',
  PRIMARY KEY (`id`) USING BTREE
) ENGINE = InnoDB AUTO_INCREMENT = 8 CHARACTER SET = utf8mb4 COLLATE = utf8mb4_unicode_ci COMMENT = '用户信息表' ROW_FORMAT = Dynamic;

-- ----------------------------
-- Records of user
-- ----------------------------
INSERT INTO `user` VALUES (1, 'zhangsan', '123456', '张三', 'http://localhost:9090/files/1703754381592-柴犬.jpeg', 'USER', '18877776666', 'zhangsan@xm.com', '会员', 30, 744.00);
INSERT INTO `user` VALUES (2, 'lisi', '123456', '李四', 'http://localhost:9090/files/1703754542393-柯基.jpeg', 'USER', '18899990000', 'lisi@xm.com', '非会员', 0, 0.00);
INSERT INTO `user` VALUES (6, 'wangwu', '123456', '王五', 'http://localhost:9090/files/1703755711737-拉布拉多.jpeg', 'USER', '18899990000', 'wangwu@xm.com', '非会员', 0, 0.00);
INSERT INTO `user` VALUES (7, 'zhaoliu', '123456', '赵六', 'http://localhost:9090/files/1703755730433-金毛.jpeg', 'USER', '18866665555', 'zhaoliu@xm.com', '非会员', 0, 0.00);

SET FOREIGN_KEY_CHECKS = 1;
